facility_id,drug_id,batch_no,quantity,expiry_date,last_counted_at,source
f_in_002,d_al_fdc,B26009,34493,2028-02-03,2026-08-17,simulated
f_in_002,d_asv,B26005,4231,2027-11-25,2026-08-17,simulated
f_in_002,d_amoxicillin,B26008,70289,2026-12-18,2026-08-17,simulated
f_in_002,d_ceftriaxone,B26006,8464,2027-06-13,2026-08-17,simulated
f_in_002,d_ceftriaxone,E26005,6141,2027-08-03,2026-08-17,simulated
f_in_002,d_salbutamol,B26005,1583,2026-10-20,2026-08-17,simulated
f_in_002,d_salbutamol,B25004,1028,2027-05-06,2026-08-17,simulated
f_in_002,d_salbutamol,B26006,7150,2027-11-06,2026-08-17,simulated
f_in_002,d_rhz_fdc,B26006,31391,2026-11-26,2026-08-17,simulated
f_in_002,d_rhz_fdc,B26005,17744,2027-05-31,2026-08-17,simulated
f_in_002,d_oxytocin,B26006,4469,2027-11-09,2026-08-17,simulated
f_in_002,d_magnesium_sulfate,E26010,1277,2028-06-19,2026-08-17,simulated
f_in_002,d_iron_folic,B26006,97721,2027-08-08,2026-08-17,simulated
f_in_002,d_measles_rubella,B26010,16,2027-04-13,2026-08-17,simulated
f_in_002,d_insulin,B26006,2911,2027-01-22,2026-08-17,simulated
f_in_002,d_insulin,B26005,4730,2027-03-07,2026-08-17,simulated
f_in_002,d_insulin,B26004,7217,2027-04-24,2026-08-17,simulated
f_in_002,d_amlodipine,B26008,290134,2028-10-10,2026-08-17,simulated
f_in_002,d_paracetamol,B25003,273111,2026-10-17,2026-08-17,simulated
f_in_002,d_paracetamol,B26004,128039,2027-01-14,2026-08-17,simulated
f_in_002,d_paracetamol,B26006,202440,2027-04-10,2026-08-17,simulated
f_in_002,d_paracetamol,B-OPEN,823330,2027-04-11,2026-08-17,simulated
f_in_002,d_paracetamol,B26005,91975,2027-12-22,2026-08-17,simulated
f_in_002,d_paracetamol,B26007,671704,2028-11-11,2026-08-17,simulated
f_in_003,d_al_fdc,B25005,26764,2027-02-13,2026-08-17,simulated
f_in_003,d_al_fdc,B26008,16342,2027-05-14,2026-08-17,simulated
f_in_003,d_al_fdc,B26006,10931,2027-08-15,2026-08-17,simulated
f_in_003,d_al_fdc,B26009,41656,2028-03-05,2026-08-17,simulated
f_in_003,d_asv,B26006,2494,2027-07-15,2026-08-17,simulated
f_in_003,d_asv,B26004,127,2027-08-16,2026-08-17,simulated
f_in_003,d_amoxicillin,E26006,61639,2027-07-02,2026-08-17,simulated
f_in_003,d_ceftriaxone,B26005,11180,2027-05-20,2026-08-17,simulated
f_in_003,d_salbutamol,B26004,5085,2027-03-19,2026-08-17,simulated
f_in_003,d_salbutamol,B26005,7002,2027-06-16,2026-08-17,simulated
f_in_003,d_oxytocin,E26010,1875,2027-08-16,2026-08-17,simulated
f_in_003,d_magnesium_sulfate,E26008,845,2028-12-01,2026-08-17,simulated
f_in_003,d_iron_folic,E26011,156984,2028-01-13,2026-08-17,simulated
f_in_003,d_measles_rubella,B26009,463,2027-01-28,2026-08-17,simulated
f_in_003,d_insulin,B25005,8529,2027-04-18,2026-08-17,simulated
f_in_003,d_insulin,B26006,4525,2027-05-02,2026-08-17,simulated
f_in_003,d_insulin,B26007,2336,2027-07-17,2026-08-17,simulated
f_in_003,d_insulin,B26008,1599,2027-08-07,2026-08-17,simulated
f_in_003,d_paracetamol,E26006,157808,2028-04-04,2026-08-17,simulated
f_in_004,d_asv,E26008,28,2028-01-31,2026-08-17,simulated
f_in_004,d_ors,B26007,6907,2028-10-15,2026-08-17,simulated
f_in_004,d_ors,E26006,5743,2028-10-30,2026-08-17,simulated
f_in_004,d_amoxicillin,B26011,22495,2027-02-12,2026-08-17,simulated
f_in_004,d_amoxicillin,B26010,23633,2027-07-28,2026-08-17,simulated
f_in_004,d_amoxicillin,B26012,19694,2027-10-28,2026-08-17,simulated
f_in_004,d_ceftriaxone,B26007,626,2027-02-08,2026-08-17,simulated
f_in_004,d_ceftriaxone,B26008,1497,2027-02-17,2026-08-17,simulated
f_in_004,d_salbutamol,B26004,702,2027-04-06,2026-08-17,simulated
f_in_004,d_salbutamol,B26005,716,2027-12-25,2026-08-17,simulated
f_in_004,d_rhz_fdc,B26007,996,2027-02-09,2026-08-17,simulated
f_in_004,d_rhz_fdc,E26006,1125,2027-02-18,2026-08-17,simulated
f_in_004,d_oxytocin,E26012,285,2028-01-25,2026-08-17,simulated
f_in_004,d_iron_folic,E26006,28499,2028-06-17,2026-08-17,simulated
f_in_004,d_measles_rubella,B26005,303,2026-09-13,2026-08-17,simulated
f_in_004,d_measles_rubella,B26004,2,2027-02-14,2026-08-17,simulated
f_in_004,d_insulin,B26007,125,2027-03-06,2026-08-17,simulated
f_in_004,d_metformin,B26005,61440,2027-03-15,2026-08-17,simulated
f_in_004,d_metformin,B26004,43588,2027-10-11,2026-08-17,simulated
f_in_004,d_amlodipine,B26004,157117,2027-10-24,2026-08-17,simulated
f_in_004,d_paracetamol,E26007,12732,2027-12-08,2026-08-17,simulated
f_in_005,d_al_fdc,B25003,4421,2026-08-20,2026-08-17,simulated
f_in_005,d_al_fdc,B26005,2595,2026-09-19,2026-08-17,simulated
f_in_005,d_al_fdc,B26007,4892,2027-02-19,2026-08-17,simulated
f_in_005,d_al_fdc,B26006,827,2027-09-07,2026-08-17,simulated
f_in_005,d_al_fdc,B26008,8956,2027-09-16,2026-08-17,simulated
f_in_005,d_ors,B25002,6633,2027-07-24,2026-08-17,simulated
f_in_005,d_ors,B26009,29176,2027-08-22,2026-08-17,simulated
f_in_005,d_ors,B25006,2535,2027-11-27,2026-08-17,simulated
f_in_005,d_ors,B26007,8149,2028-01-25,2026-08-17,simulated
f_in_005,d_ors,B26008,14845,2028-06-25,2026-08-17,simulated
f_in_005,d_amoxicillin,B25003,43501,2027-02-15,2026-08-17,simulated
f_in_005,d_amoxicillin,B26004,302959,2027-06-14,2026-08-17,simulated
f_in_005,d_ceftriaxone,B26006,3927,2027-02-23,2026-08-17,simulated
f_in_005,d_ceftriaxone,B25004,548,2027-06-30,2026-08-17,simulated
f_in_005,d_salbutamol,E26007,240,2027-03-16,2026-08-17,simulated
f_in_005,d_salbutamol,B26008,165,2027-03-28,2026-08-17,simulated
f_in_005,d_rhz_fdc,B26008,7634,2027-10-05,2026-08-17,simulated
f_in_005,d_oxytocin,E26008,381,2027-05-10,2026-08-17,simulated
f_in_005,d_iron_folic,B26010,36385,2027-07-22,2026-08-17,simulated
f_in_005,d_measles_rubella,E26006,37,2026-11-14,2026-08-17,simulated
f_in_005,d_insulin,B26010,163,2028-01-31,2026-08-17,simulated
f_in_005,d_metformin,B26010,59112,2028-04-30,2026-08-17,simulated
f_in_005,d_amlodipine,B25001,197508,2027-05-08,2026-08-17,simulated
f_in_005,d_amlodipine,B26006,101273,2027-09-01,2026-08-17,simulated
f_in_005,d_amlodipine,B25004,89023,2027-09-03,2026-08-17,simulated
f_in_005,d_amlodipine,B25003,127632,2027-11-20,2026-08-17,simulated
f_in_005,d_amlodipine,B26008,152501,2028-04-01,2026-08-17,simulated
f_in_005,d_amlodipine,B26007,70042,2028-04-14,2026-08-17,simulated
f_in_005,d_amlodipine,B25005,108878,2028-05-17,2026-08-17,simulated
f_in_005,d_paracetamol,B26008,121105,2028-09-08,2026-08-17,simulated
f_in_006,d_al_fdc,E26007,1978,2027-11-12,2026-08-17,simulated
f_in_006,d_ors,B26008,19932,2027-11-22,2026-08-17,simulated
f_in_006,d_ors,B26006,3760,2027-12-03,2026-08-17,simulated
f_in_006,d_amoxicillin,B26003,224236,2026-12-05,2026-08-17,simulated
f_in_006,d_amoxicillin,B26004,132658,2027-12-19,2026-08-17,simulated
f_in_006,d_ceftriaxone,B26008,842,2027-05-30,2026-08-17,simulated
f_in_006,d_ceftriaxone,B26009,832,2027-07-01,2026-08-17,simulated
f_in_006,d_salbutamol,B26007,345,2027-03-02,2026-08-17,simulated
f_in_006,d_salbutamol,B26006,384,2027-08-26,2026-08-17,simulated
f_in_006,d_salbutamol,B26008,583,2027-08-26,2026-08-17,simulated
f_in_006,d_salbutamol,B26009,342,2028-01-16,2026-08-17,simulated
f_in_006,d_rhz_fdc,B25002,6960,2027-02-26,2026-08-17,simulated
f_in_006,d_rhz_fdc,B26008,12304,2027-05-09,2026-08-17,simulated
f_in_006,d_rhz_fdc,B26007,8002,2027-05-30,2026-08-17,simulated
f_in_006,d_oxytocin,B26005,184,2027-08-14,2026-08-17,simulated
f_in_006,d_oxytocin,B26004,357,2027-09-28,2026-08-17,simulated
f_in_006,d_magnesium_sulfate,B26006,477,2028-04-17,2026-08-17,simulated
f_in_006,d_magnesium_sulfate,B26005,412,2028-05-26,2026-08-17,simulated
f_in_006,d_iron_folic,B26005,329911,2027-11-15,2026-08-17,simulated
f_in_006,d_measles_rubella,B26004,317,2026-12-05,2026-08-17,simulated
f_in_006,d_measles_rubella,B26005,1262,2027-06-17,2026-08-17,simulated
f_in_006,d_insulin,E26008,273,2028-01-26,2026-08-17,simulated
f_in_006,d_metformin,B26006,64303,2027-04-27,2026-08-17,simulated
f_in_006,d_paracetamol,B25004,17820,2027-11-14,2026-08-17,simulated
f_in_006,d_paracetamol,E25003,23537,2028-01-20,2026-08-17,simulated
f_in_007,d_al_fdc,B26003,5974,2027-06-06,2026-08-17,simulated
f_in_007,d_al_fdc,B26004,7297,2027-11-08,2026-08-17,simulated
f_in_007,d_asv,B26006,46,2027-07-15,2026-08-17,simulated
f_in_007,d_ors,B26012,3202,2028-03-24,2026-08-17,simulated
f_in_007,d_amoxicillin,E26008,51584,2027-07-12,2026-08-17,simulated
f_in_007,d_ceftriaxone,B26008,986,2027-05-04,2026-08-17,simulated
f_in_007,d_ceftriaxone,E26007,777,2027-07-27,2026-08-17,simulated
f_in_007,d_salbutamol,B26005,507,2027-06-12,2026-08-17,simulated
f_in_007,d_salbutamol,B26006,821,2028-02-02,2026-08-17,simulated
f_in_007,d_rhz_fdc,E26008,1164,2027-06-01,2026-08-17,simulated
f_in_007,d_oxytocin,B26007,836,2027-04-02,2026-08-17,simulated
f_in_007,d_magnesium_sulfate,B26004,462,2027-05-07,2026-08-17,simulated
f_in_007,d_magnesium_sulfate,B26003,426,2028-05-21,2026-08-17,simulated
f_in_007,d_iron_folic,B26005,39065,2027-11-06,2026-08-17,simulated
f_in_007,d_iron_folic,B25004,567772,2028-01-24,2026-08-17,simulated
f_in_007,d_iron_folic,B26007,218388,2028-03-24,2026-08-17,simulated
f_in_007,d_measles_rubella,B26008,362,2027-05-06,2026-08-17,simulated
f_in_007,d_measles_rubella,B26009,425,2027-05-28,2026-08-17,simulated
f_in_007,d_insulin,B26003,250,2027-08-30,2026-08-17,simulated
f_in_007,d_insulin,B26004,714,2027-12-13,2026-08-17,simulated
f_in_007,d_metformin,B26006,38567,2027-03-22,2026-08-17,simulated
f_in_007,d_metformin,B26005,3659,2027-12-03,2026-08-17,simulated
f_in_007,d_amlodipine,E26008,38745,2028-11-20,2026-08-17,simulated
f_in_007,d_paracetamol,B25006,25739,2027-11-14,2026-08-17,simulated
f_in_007,d_paracetamol,B26008,16669,2028-03-11,2026-08-17,simulated
f_in_008,d_asv,E26007,145,2027-08-23,2026-08-17,simulated
f_in_008,d_ors,B26006,15262,2027-02-08,2026-08-17,simulated
f_in_008,d_amoxicillin,E26006,29606,2027-07-05,2026-08-17,simulated
f_in_008,d_amoxicillin,B26007,193611,2027-12-28,2026-08-17,simulated
f_in_008,d_ceftriaxone,B26008,2228,2027-04-14,2026-08-17,simulated
f_in_008,d_salbutamol,B26006,2082,2027-06-05,2026-08-17,simulated
f_in_008,d_salbutamol,E26005,611,2027-06-29,2026-08-17,simulated
f_in_008,d_rhz_fdc,B26004,11712,2026-12-20,2026-08-17,simulated
f_in_008,d_rhz_fdc,B26003,2845,2027-09-16,2026-08-17,simulated
f_in_008,d_oxytocin,E26008,730,2027-12-06,2026-08-17,simulated
f_in_008,d_magnesium_sulfate,E26011,293,2027-09-24,2026-08-17,simulated
f_in_008,d_iron_folic,B26011,38643,2028-11-15,2026-08-17,simulated
f_in_008,d_measles_rubella,B26005,834,2027-04-19,2026-08-17,simulated
f_in_008,d_measles_rubella,B26006,1272,2027-10-13,2026-08-17,simulated
f_in_008,d_insulin,E26010,425,2028-01-01,2026-08-17,simulated
f_in_008,d_metformin,B26007,146106,2027-09-26,2026-08-17,simulated
f_in_008,d_metformin,B26005,111331,2027-12-24,2026-08-17,simulated
f_in_008,d_amlodipine,E26009,23082,2027-06-11,2026-08-17,simulated
f_in_008,d_paracetamol,B26009,57194,2028-05-26,2026-08-17,simulated
f_in_009,d_asv,B26009,112,2027-04-06,2026-08-17,simulated
f_in_009,d_asv,B26008,189,2027-08-01,2026-08-17,simulated
f_in_009,d_ors,E26009,4282,2027-11-11,2026-08-17,simulated
f_in_009,d_ors,B26010,6948,2028-04-02,2026-08-17,simulated
f_in_009,d_amoxicillin,E26008,17674,2027-05-20,2026-08-17,simulated
f_in_009,d_ceftriaxone,B26007,1173,2027-05-23,2026-08-17,simulated
f_in_009,d_ceftriaxone,E26005,1013,2027-08-27,2026-08-17,simulated
f_in_009,d_salbutamol,B26005,345,2026-10-06,2026-08-17,simulated
f_in_009,d_salbutamol,B26006,747,2027-11-16,2026-08-17,simulated
f_in_009,d_rhz_fdc,B25003,3743,2026-10-13,2026-08-17,simulated
f_in_009,d_rhz_fdc,B26005,18481,2026-10-17,2026-08-17,simulated
f_in_009,d_rhz_fdc,E25002,6547,2026-10-24,2026-08-17,simulated
f_in_009,d_rhz_fdc,B26006,7694,2027-09-15,2026-08-17,simulated
f_in_009,d_magnesium_sulfate,E26007,139,2028-09-22,2026-08-17,simulated
f_in_009,d_iron_folic,B26003,91429,2027-04-16,2026-08-17,simulated
f_in_009,d_iron_folic,B-OPEN,505371,2027-12-01,2026-08-17,simulated
f_in_009,d_iron_folic,B25002,501872,2027-12-08,2026-08-17,simulated
f_in_009,d_measles_rubella,B26005,297,2026-10-22,2026-08-17,simulated
f_in_009,d_measles_rubella,B25003,135,2026-12-22,2026-08-17,simulated
f_in_009,d_metformin,B26005,74249,2027-06-21,2026-08-17,simulated
f_in_009,d_metformin,B25003,22815,2028-03-12,2026-08-17,simulated
f_in_009,d_paracetamol,E26008,6694,2028-04-18,2026-08-17,simulated
f_in_010,d_asv,B26007,18,2027-09-27,2026-08-17,simulated
f_in_010,d_ors,E26008,2312,2028-01-08,2026-08-17,simulated
f_in_010,d_amoxicillin,B26008,9787,2027-03-10,2026-08-17,simulated
f_in_010,d_amoxicillin,B26006,17816,2027-04-20,2026-08-17,simulated
f_in_010,d_amoxicillin,B25005,12801,2027-05-05,2026-08-17,simulated
f_in_010,d_amoxicillin,B26007,33076,2027-08-07,2026-08-17,simulated
f_in_010,d_ceftriaxone,E26004,263,2027-05-04,2026-08-17,simulated
f_in_010,d_ceftriaxone,B26005,1724,2027-06-29,2026-08-17,simulated
f_in_010,d_salbutamol,B25002,136,2027-02-16,2026-08-17,simulated
f_in_010,d_salbutamol,B26004,576,2027-05-12,2026-08-17,simulated
f_in_010,d_rhz_fdc,E26010,169,2027-10-26,2026-08-17,simulated
f_in_010,d_rhz_fdc,B26011,259,2027-12-22,2026-08-17,simulated
f_in_010,d_oxytocin,E26009,202,2027-09-19,2026-08-17,simulated
f_in_010,d_magnesium_sulfate,B26008,23,2027-02-03,2026-08-17,simulated
f_in_010,d_magnesium_sulfate,B25004,39,2028-01-22,2026-08-17,simulated
f_in_010,d_magnesium_sulfate,B26007,54,2028-01-26,2026-08-17,simulated
f_in_010,d_iron_folic,B26008,12167,2028-04-04,2026-08-17,simulated
f_in_010,d_iron_folic,B26009,35010,2028-09-14,2026-08-17,simulated
f_in_010,d_measles_rubella,B26007,104,2027-05-04,2026-08-17,simulated
f_in_010,d_measles_rubella,E26006,70,2027-06-10,2026-08-17,simulated
f_in_010,d_insulin,B26007,187,2026-12-24,2026-08-17,simulated
f_in_010,d_insulin,B25005,39,2027-04-18,2026-08-17,simulated
f_in_010,d_metformin,B26005,69607,2027-06-23,2026-08-17,simulated
f_in_010,d_amlodipine,E26008,2549,2027-07-29,2026-08-17,simulated
f_in_010,d_amlodipine,B26009,22751,2028-02-28,2026-08-17,simulated
f_in_010,d_paracetamol,E26009,11219,2028-10-16,2026-08-17,simulated
f_in_011,d_al_fdc,E26011,770,2028-02-02,2026-08-17,simulated
f_in_011,d_asv,B26007,89,2027-08-17,2026-08-17,simulated
f_in_011,d_ors,B26010,2180,2027-06-21,2026-08-17,simulated
f_in_011,d_amoxicillin,B26007,13171,2027-06-29,2026-08-17,simulated
f_in_011,d_amoxicillin,B26006,29271,2027-07-15,2026-08-17,simulated
f_in_011,d_amoxicillin,B26005,258,2027-07-22,2026-08-17,simulated
f_in_011,d_ceftriaxone,B26005,492,2026-12-10,2026-08-17,simulated
f_in_011,d_ceftriaxone,B-OPEN,980,2027-02-12,2026-08-17,simulated
f_in_011,d_ceftriaxone,B26006,622,2027-10-22,2026-08-17,simulated
f_in_011,d_salbutamol,E26007,48,2027-02-03,2026-08-17,simulated
f_in_011,d_salbutamol,B26009,49,2027-06-05,2026-08-17,simulated
f_in_011,d_oxytocin,E26009,100,2028-02-13,2026-08-17,simulated
f_in_011,d_magnesium_sulfate,B26004,3,2028-03-28,2026-08-17,simulated
f_in_011,d_magnesium_sulfate,B26005,41,2028-04-20,2026-08-17,simulated
f_in_011,d_magnesium_sulfate,B26007,36,2028-08-27,2026-08-17,simulated
f_in_011,d_iron_folic,E26009,30557,2028-05-05,2026-08-17,simulated
f_in_011,d_measles_rubella,E26007,11,2026-11-13,2026-08-17,simulated
f_in_011,d_measles_rubella,B26008,58,2027-03-15,2026-08-17,simulated
f_in_011,d_measles_rubella,B26009,59,2027-04-23,2026-08-17,simulated
f_in_011,d_metformin,B26007,13897,2027-05-23,2026-08-17,simulated
f_in_011,d_metformin,E26006,6010,2028-02-12,2026-08-17,simulated
f_in_011,d_amlodipine,B26011,377,2028-07-19,2026-08-17,simulated
f_in_012,d_al_fdc,B25006,1091,2027-06-07,2026-08-17,simulated
f_in_012,d_al_fdc,B26007,943,2027-08-06,2026-08-17,simulated
f_in_012,d_asv,B26002,219,2026-12-15,2026-08-17,simulated
f_in_012,d_asv,B26004,92,2027-03-24,2026-08-17,simulated
f_in_012,d_asv,B26005,239,2027-08-25,2026-08-17,simulated
f_in_012,d_amoxicillin,E26008,27578,2027-08-09,2026-08-17,simulated
f_in_012,d_amoxicillin,B26009,14079,2027-08-14,2026-08-17,simulated
f_in_012,d_ceftriaxone,B26009,1155,2027-02-19,2026-08-17,simulated
f_in_012,d_ceftriaxone,B26007,169,2027-09-09,2026-08-17,simulated
f_in_012,d_ceftriaxone,B26008,1091,2027-11-26,2026-08-17,simulated
f_in_012,d_salbutamol,E26007,133,2027-05-12,2026-08-17,simulated
f_in_012,d_magnesium_sulfate,B26005,75,2028-06-18,2026-08-17,simulated
f_in_012,d_iron_folic,B26009,12943,2028-02-26,2026-08-17,simulated
f_in_012,d_measles_rubella,B26007,7,2027-01-05,2026-08-17,simulated
f_in_012,d_measles_rubella,E26006,17,2027-02-11,2026-08-17,simulated
f_in_012,d_insulin,B26007,17,2027-08-22,2026-08-17,simulated
f_in_012,d_metformin,B25002,4906,2027-11-15,2026-08-17,simulated
f_in_012,d_metformin,B26003,49310,2028-05-31,2026-08-17,simulated
f_in_012,d_metformin,B26004,71308,2028-09-20,2026-08-17,simulated
f_in_012,d_amlodipine,B25002,11694,2027-12-21,2026-08-17,simulated
f_in_012,d_paracetamol,B26010,22789,2028-02-29,2026-08-17,simulated
f_in_013,d_al_fdc,B-OPEN,1876,2027-01-05,2026-08-17,simulated
f_in_013,d_al_fdc,B26004,3913,2027-01-09,2026-08-17,simulated
f_in_013,d_al_fdc,B26005,3700,2027-08-26,2026-08-17,simulated
f_in_013,d_ors,B26007,2024,2027-03-22,2026-08-17,simulated
f_in_013,d_amoxicillin,B26006,88884,2027-02-20,2026-08-17,simulated
f_in_013,d_ceftriaxone,E26008,435,2027-05-23,2026-08-17,simulated
f_in_013,d_salbutamol,E26006,13,2027-05-15,2026-08-17,simulated
f_in_013,d_oxytocin,B26005,125,2027-02-06,2026-08-17,simulated
f_in_013,d_oxytocin,B25003,456,2027-07-12,2026-08-17,simulated
f_in_013,d_magnesium_sulfate,B26009,12,2027-12-12,2026-08-17,simulated
f_in_013,d_magnesium_sulfate,E26008,20,2028-06-17,2026-08-17,simulated
f_in_013,d_iron_folic,B26006,49321,2028-04-04,2026-08-17,simulated
f_in_013,d_measles_rubella,B26008,45,2027-08-13,2026-08-17,simulated
f_in_013,d_insulin,B25006,322,2026-11-01,2026-08-17,simulated
f_in_013,d_insulin,B25005,113,2027-03-10,2026-08-17,simulated
f_in_013,d_insulin,B26007,105,2027-05-03,2026-08-17,simulated
f_in_013,d_insulin,B26008,144,2027-05-10,2026-08-17,simulated
f_in_013,d_insulin,B26009,97,2027-08-05,2026-08-17,simulated
f_in_013,d_amlodipine,E26008,3071,2028-10-28,2026-08-17,simulated
f_in_014,d_asv,B26006,79,2027-12-13,2026-08-17,simulated
f_in_014,d_amoxicillin,B26006,12159,2027-09-18,2026-08-17,simulated
f_in_014,d_ceftriaxone,B26009,187,2027-09-04,2026-08-17,simulated
f_in_014,d_ceftriaxone,E26008,401,2027-12-24,2026-08-17,simulated
f_in_014,d_salbutamol,B26007,172,2026-11-02,2026-08-17,simulated
f_in_014,d_salbutamol,B26006,3,2027-09-28,2026-08-17,simulated
f_in_014,d_salbutamol,B26008,226,2027-11-17,2026-08-17,simulated
f_in_014,d_rhz_fdc,B26007,1147,2027-07-30,2026-08-17,simulated
f_in_014,d_rhz_fdc,B26006,881,2027-09-09,2026-08-17,simulated
f_in_014,d_rhz_fdc,B26008,3302,2027-12-17,2026-08-17,simulated
f_in_014,d_oxytocin,B26009,65,2027-05-09,2026-08-17,simulated
f_in_014,d_oxytocin,B26008,63,2027-06-11,2026-08-17,simulated
f_in_014,d_magnesium_sulfate,E26008,102,2028-05-14,2026-08-17,simulated
f_in_014,d_iron_folic,E26009,770,2028-10-10,2026-08-17,simulated
f_in_014,d_iron_folic,B26010,49528,2028-10-15,2026-08-17,simulated
f_in_014,d_measles_rubella,B26007,44,2027-02-03,2026-08-17,simulated
f_in_014,d_measles_rubella,E26006,31,2027-06-17,2026-08-17,simulated
f_in_014,d_insulin,B26004,42,2027-12-07,2026-08-17,simulated
f_in_014,d_amlodipine,E26007,3838,2027-08-05,2026-08-17,simulated
f_in_014,d_paracetamol,E26013,21066,2028-08-02,2026-08-17,simulated
f_in_015,d_asv,E26010,22,2027-08-17,2026-08-17,simulated
f_in_015,d_ors,E26007,1703,2027-08-18,2026-08-17,simulated
f_in_015,d_amoxicillin,B26006,12258,2026-11-22,2026-08-17,simulated
f_in_015,d_amoxicillin,B26005,10469,2026-12-02,2026-08-17,simulated
f_in_015,d_amoxicillin,B25003,11048,2027-04-01,2026-08-17,simulated
f_in_015,d_amoxicillin,B26007,29322,2027-10-12,2026-08-17,simulated
f_in_015,d_ceftriaxone,E26008,9,2026-12-27,2026-08-17,simulated
f_in_015,d_ceftriaxone,B26009,26,2027-02-22,2026-08-17,simulated
f_in_015,d_salbutamol,B26004,47,2027-01-03,2026-08-17,simulated
f_in_015,d_salbutamol,B25003,198,2027-01-04,2026-08-17,simulated
f_in_015,d_salbutamol,B26005,355,2027-03-10,2026-08-17,simulated
f_in_015,d_salbutamol,B25002,191,2027-04-07,2026-08-17,simulated
f_in_015,d_oxytocin,B-OPEN,40,2026-11-30,2026-08-17,simulated
f_in_015,d_oxytocin,B26008,140,2027-02-18,2026-08-17,simulated
f_in_015,d_oxytocin,B26007,175,2027-03-27,2026-08-17,simulated
f_in_015,d_oxytocin,B25004,159,2027-04-04,2026-08-17,simulated
f_in_015,d_oxytocin,B26006,182,2027-04-23,2026-08-17,simulated
f_in_015,d_magnesium_sulfate,B26003,144,2027-07-01,2026-08-17,simulated
f_in_015,d_magnesium_sulfate,B26004,162,2028-12-23,2026-08-17,simulated
f_in_015,d_iron_folic,B26009,16182,2028-06-15,2026-08-17,simulated
f_in_015,d_measles_rubella,B25003,95,2026-09-07,2026-08-17,simulated
f_in_015,d_measles_rubella,B25004,113,2026-11-07,2026-08-17,simulated
f_in_015,d_measles_rubella,B26006,51,2027-01-05,2026-08-17,simulated
f_in_015,d_insulin,B26008,17,2027-03-13,2026-08-17,simulated
f_in_015,d_insulin,B26009,93,2027-05-17,2026-08-17,simulated
f_in_015,d_metformin,E26007,16594,2028-10-19,2026-08-17,simulated
f_in_015,d_amlodipine,B26007,3589,2027-12-02,2026-08-17,simulated
f_in_015,d_amlodipine,B26006,2620,2027-12-14,2026-08-17,simulated
f_in_015,d_amlodipine,B25004,28176,2028-01-07,2026-08-17,simulated
f_in_015,d_paracetamol,E26007,11516,2027-07-09,2026-08-17,simulated
f_in_016,d_al_fdc,B26005,4358,2027-07-02,2026-08-17,simulated
f_in_016,d_al_fdc,B26004,986,2027-08-23,2026-08-17,simulated
f_in_016,d_ors,E26008,2370,2028-09-16,2026-08-17,simulated
f_in_016,d_amoxicillin,B26008,36098,2027-09-29,2026-08-17,simulated
f_in_016,d_ceftriaxone,B26011,309,2027-04-28,2026-08-17,simulated
f_in_016,d_ceftriaxone,B26010,564,2027-07-19,2026-08-17,simulated
f_in_016,d_salbutamol,B26007,112,2026-12-19,2026-08-17,simulated
f_in_016,d_salbutamol,B26008,151,2027-08-17,2026-08-17,simulated
f_in_016,d_rhz_fdc,B25001,4154,2027-01-02,2026-08-17,simulated
f_in_016,d_rhz_fdc,B26004,4162,2027-01-29,2026-08-17,simulated
f_in_016,d_rhz_fdc,B26005,3760,2027-10-13,2026-08-17,simulated
f_in_016,d_oxytocin,B26007,278,2027-12-10,2026-08-17,simulated
f_in_016,d_magnesium_sulfate,B26009,8,2027-06-23,2026-08-17,simulated
f_in_016,d_magnesium_sulfate,B26007,38,2027-10-22,2026-08-17,simulated
f_in_016,d_magnesium_sulfate,B26008,98,2028-02-13,2026-08-17,simulated
f_in_016,d_iron_folic,B26006,18441,2027-05-31,2026-08-17,simulated
f_in_016,d_iron_folic,B25003,36000,2028-04-18,2026-08-17,simulated
f_in_016,d_iron_folic,B26007,49633,2028-06-03,2026-08-17,simulated
f_in_016,d_measles_rubella,E26006,37,2026-10-18,2026-08-17,simulated
f_in_016,d_insulin,B26009,141,2027-05-14,2026-08-17,simulated
f_in_016,d_insulin,B26007,21,2027-10-10,2026-08-17,simulated
f_in_016,d_metformin,B26004,136230,2027-05-23,2026-08-17,simulated
f_in_016,d_metformin,B25003,74635,2027-09-18,2026-08-17,simulated
f_in_016,d_metformin,B-OPEN,103262,2027-11-23,2026-08-17,simulated
f_in_016,d_metformin,B26005,60792,2028-02-17,2026-08-17,simulated
f_in_016,d_amlodipine,B26006,25181,2028-01-10,2026-08-17,simulated
f_in_016,d_amlodipine,B26005,6793,2028-03-06,2026-08-17,simulated
f_in_016,d_paracetamol,E26007,11206,2028-07-11,2026-08-17,simulated
f_in_017,d_ors,E26010,367,2028-03-14,2026-08-17,simulated
f_in_017,d_amoxicillin,B26010,2080,2027-04-07,2026-08-17,simulated
f_in_017,d_amoxicillin,B26009,27623,2027-08-18,2026-08-17,simulated
f_in_017,d_ceftriaxone,B26005,822,2027-05-06,2026-08-17,simulated
f_in_017,d_salbutamol,B26005,102,2026-09-09,2026-08-17,simulated
f_in_017,d_salbutamol,B26006,288,2027-01-26,2026-08-17,simulated
f_in_017,d_rhz_fdc,B26011,205,2027-09-19,2026-08-17,simulated
f_in_017,d_oxytocin,E26007,64,2027-05-19,2026-08-17,simulated
f_in_017,d_magnesium_sulfate,B26006,43,2027-12-11,2026-08-17,simulated
f_in_017,d_magnesium_sulfate,B25004,17,2028-02-27,2026-08-17,simulated
f_in_017,d_iron_folic,B26007,61264,2028-04-23,2026-08-17,simulated
f_in_017,d_measles_rubella,E26007,63,2027-05-21,2026-08-17,simulated
f_in_017,d_insulin,E26005,91,2028-02-21,2026-08-17,simulated
f_in_017,d_metformin,B26007,32872,2027-09-15,2026-08-17,simulated
f_in_017,d_metformin,E26005,2003,2028-03-21,2026-08-17,simulated
f_in_018,d_al_fdc,B26009,1465,2027-06-27,2026-08-17,simulated
f_in_018,d_asv,E26007,54,2027-03-19,2026-08-17,simulated
f_in_018,d_ors,B26009,3524,2027-06-21,2026-08-17,simulated
f_in_018,d_ors,B25003,3743,2027-10-31,2026-08-17,simulated
f_in_018,d_ors,B25006,1272,2028-03-11,2026-08-17,simulated
f_in_018,d_ors,B26008,4497,2028-09-30,2026-08-17,simulated
f_in_018,d_amoxicillin,B26006,22748,2026-12-29,2026-08-17,simulated
f_in_018,d_ceftriaxone,B26008,394,2026-11-20,2026-08-17,simulated
f_in_018,d_ceftriaxone,B26009,317,2027-04-04,2026-08-17,simulated
f_in_018,d_salbutamol,B26005,195,2026-11-26,2026-08-17,simulated
f_in_018,d_salbutamol,B26006,82,2027-05-20,2026-08-17,simulated
f_in_018,d_rhz_fdc,B26009,329,2027-11-25,2026-08-17,simulated
f_in_018,d_rhz_fdc,E26008,980,2028-01-15,2026-08-17,simulated
f_in_018,d_oxytocin,B26007,43,2027-09-18,2026-08-17,simulated
f_in_018,d_oxytocin,E26006,179,2027-09-21,2026-08-17,simulated
f_in_018,d_magnesium_sulfate,B26005,72,2027-05-09,2026-08-17,simulated
f_in_018,d_magnesium_sulfate,B26004,22,2027-07-20,2026-08-17,simulated
f_in_018,d_magnesium_sulfate,B-OPEN,84,2027-12-09,2026-08-17,simulated
f_in_018,d_iron_folic,B26006,19954,2027-07-31,2026-08-17,simulated
f_in_018,d_measles_rubella,B26005,236,2026-12-14,2026-08-17,simulated
f_in_018,d_insulin,E26006,58,2027-03-10,2026-08-17,simulated
f_in_018,d_metformin,E26011,12644,2028-04-07,2026-08-17,simulated
f_in_018,d_amlodipine,B26007,22572,2027-05-19,2026-08-17,simulated
f_in_018,d_paracetamol,E25004,555,2028-04-01,2026-08-17,simulated
f_in_019,d_al_fdc,E26006,559,2027-06-18,2026-08-17,simulated
f_in_019,d_asv,E26007,72,2028-02-01,2026-08-17,simulated
f_in_019,d_ors,B26007,2862,2027-06-27,2026-08-17,simulated
f_in_019,d_amoxicillin,B26006,5695,2027-01-03,2026-08-17,simulated
f_in_019,d_amoxicillin,B26007,38523,2027-05-15,2026-08-17,simulated
f_in_019,d_ceftriaxone,E26006,560,2027-04-08,2026-08-17,simulated
f_in_019,d_ceftriaxone,B26007,469,2027-11-29,2026-08-17,simulated
f_in_019,d_salbutamol,B26008,46,2027-04-06,2026-08-17,simulated
f_in_019,d_salbutamol,E26007,190,2027-05-25,2026-08-17,simulated
f_in_019,d_oxytocin,B26005,262,2027-04-18,2026-08-17,simulated
f_in_019,d_oxytocin,B26004,304,2027-07-16,2026-08-17,simulated
f_in_019,d_magnesium_sulfate,B26007,38,2027-05-23,2026-08-17,simulated
f_in_019,d_iron_folic,B26006,67884,2028-11-20,2026-08-17,simulated
f_in_019,d_measles_rubella,B26007,53,2027-01-18,2026-08-17,simulated
f_in_019,d_measles_rubella,E26006,18,2027-02-17,2026-08-17,simulated
f_in_019,d_insulin,B26010,43,2027-05-01,2026-08-17,simulated
f_in_019,d_metformin,B26007,10860,2027-08-01,2026-08-17,simulated
f_in_019,d_metformin,B-OPEN,10186,2027-12-05,2026-08-17,simulated
f_in_019,d_metformin,B25005,21813,2027-12-06,2026-08-17,simulated
f_in_019,d_metformin,B26008,31325,2028-06-29,2026-08-17,simulated
f_in_019,d_amlodipine,B26007,43716,2027-05-22,2026-08-17,simulated
f_in_019,d_paracetamol,E26009,17578,2028-11-17,2026-08-17,simulated
f_in_020,d_al_fdc,B26004,299,2027-03-01,2026-08-17,simulated
f_in_020,d_al_fdc,B26005,3487,2027-05-26,2026-08-17,simulated
f_in_020,d_al_fdc,B26006,5010,2028-02-13,2026-08-17,simulated
f_in_020,d_ors,B25002,3776,2027-08-30,2026-08-17,simulated
f_in_020,d_ors,B26006,7558,2028-08-09,2026-08-17,simulated
f_in_020,d_amoxicillin,E26006,7330,2027-09-17,2026-08-17,simulated
f_in_020,d_ceftriaxone,B26008,130,2027-01-23,2026-08-17,simulated
f_in_020,d_ceftriaxone,B26009,536,2027-09-16,2026-08-17,simulated
f_in_020,d_salbutamol,B26007,201,2027-03-07,2026-08-17,simulated
f_in_020,d_salbutamol,B26006,85,2027-07-15,2026-08-17,simulated
f_in_020,d_rhz_fdc,B25003,2278,2027-04-18,2026-08-17,simulated
f_in_020,d_rhz_fdc,B26004,5719,2027-09-16,2026-08-17,simulated
f_in_020,d_oxytocin,B26007,63,2028-01-18,2026-08-17,simulated
f_in_020,d_magnesium_sulfate,B26006,41,2028-06-25,2026-08-17,simulated
f_in_020,d_iron_folic,B26004,79592,2027-09-11,2026-08-17,simulated
f_in_020,d_iron_folic,B26003,2878,2028-06-24,2026-08-17,simulated
f_in_020,d_measles_rubella,E26007,32,2026-11-20,2026-08-17,simulated
f_in_020,d_measles_rubella,B26008,72,2027-05-04,2026-08-17,simulated
f_in_020,d_insulin,B26009,90,2027-08-21,2026-08-17,simulated
f_in_020,d_metformin,B26005,3301,2027-07-30,2026-08-17,simulated
f_in_020,d_metformin,B26006,65138,2028-09-25,2026-08-17,simulated
f_in_020,d_amlodipine,B26007,26747,2028-08-06,2026-08-17,simulated
f_in_020,d_paracetamol,E26011,12604,2028-09-18,2026-08-17,simulated
f_in_021,d_asv,E26006,14,2027-04-05,2026-08-17,simulated
f_in_021,d_amoxicillin,B26007,21500,2027-09-18,2026-08-17,simulated
f_in_021,d_ceftriaxone,E26007,451,2027-06-12,2026-08-17,simulated
f_in_021,d_salbutamol,B26007,320,2027-08-10,2026-08-17,simulated
f_in_021,d_salbutamol,B26008,71,2028-02-09,2026-08-17,simulated
f_in_021,d_oxytocin,B26007,48,2027-03-10,2026-08-17,simulated
f_in_021,d_magnesium_sulfate,B26006,49,2028-05-26,2026-08-17,simulated
f_in_021,d_iron_folic,E26010,28615,2028-03-03,2026-08-17,simulated
f_in_021,d_measles_rubella,B25003,88,2026-11-06,2026-08-17,simulated
f_in_021,d_measles_rubella,B26005,73,2027-02-01,2026-08-17,simulated
f_in_021,d_measles_rubella,B26006,111,2027-03-30,2026-08-17,simulated
f_in_021,d_insulin,B26006,2,2027-05-08,2026-08-17,simulated
f_in_021,d_insulin,B26005,35,2027-05-29,2026-08-17,simulated
f_in_021,d_metformin,E26009,11123,2028-08-07,2026-08-17,simulated
f_in_021,d_amlodipine,B26005,41433,2027-10-14,2026-08-17,simulated
f_in_021,d_amlodipine,B25003,12238,2027-12-23,2026-08-17,simulated
f_in_021,d_paracetamol,B26006,37047,2027-05-29,2026-08-17,simulated
f_in_021,d_paracetamol,B25004,3220,2028-04-22,2026-08-17,simulated
f_in_022,d_asv,E26009,63,2028-02-20,2026-08-17,simulated
f_in_022,d_ors,B26006,628,2028-03-30,2026-08-17,simulated
f_in_022,d_ors,B26007,5912,2028-07-15,2026-08-17,simulated
f_in_022,d_amoxicillin,B26005,6740,2026-11-13,2026-08-17,simulated
f_in_022,d_ceftriaxone,B26006,985,2027-09-08,2026-08-17,simulated
f_in_022,d_ceftriaxone,B26005,728,2027-10-16,2026-08-17,simulated
f_in_022,d_salbutamol,E26008,39,2027-08-14,2026-08-17,simulated
f_in_022,d_salbutamol,B26009,86,2028-01-10,2026-08-17,simulated
f_in_022,d_rhz_fdc,B25004,733,2027-03-18,2026-08-17,simulated
f_in_022,d_rhz_fdc,B26007,2689,2027-03-19,2026-08-17,simulated
f_in_022,d_rhz_fdc,B26008,1950,2027-12-14,2026-08-17,simulated
f_in_022,d_oxytocin,B26006,285,2027-08-30,2026-08-17,simulated
f_in_022,d_iron_folic,B25003,5422,2027-09-18,2026-08-17,simulated
f_in_022,d_iron_folic,B26006,66688,2027-12-10,2026-08-17,simulated
f_in_022,d_iron_folic,B26005,82057,2028-02-17,2026-08-17,simulated
f_in_022,d_measles_rubella,B26005,9,2026-11-09,2026-08-17,simulated
f_in_022,d_insulin,B26007,213,2027-07-17,2026-08-17,simulated
f_in_022,d_metformin,B26004,29123,2028-02-12,2026-08-17,simulated
f_in_022,d_amlodipine,B26005,3881,2028-02-13,2026-08-17,simulated
f_in_022,d_paracetamol,B25003,49696,2027-04-27,2026-08-17,simulated
f_in_022,d_paracetamol,B-OPEN,28852,2027-08-18,2026-08-17,simulated
f_in_022,d_paracetamol,B26006,4531,2027-10-24,2026-08-17,simulated
f_in_023,d_al_fdc,B26008,373,2028-01-08,2026-08-17,simulated
f_in_023,d_asv,B26007,24,2027-08-23,2026-08-17,simulated
f_in_023,d_ors,B25003,6380,2027-09-13,2026-08-17,simulated
f_in_023,d_ors,B25005,511,2028-01-24,2026-08-17,simulated
f_in_023,d_ors,B26008,7552,2028-11-21,2026-08-17,simulated
f_in_023,d_amoxicillin,B-OPEN,603,2026-12-07,2026-08-17,simulated
f_in_023,d_amoxicillin,B25002,20129,2027-01-31,2026-08-17,simulated
f_in_023,d_amoxicillin,B26004,41192,2027-07-03,2026-08-17,simulated
f_in_023,d_amoxicillin,B26003,43458,2027-07-28,2026-08-17,simulated
f_in_023,d_ceftriaxone,B26007,676,2027-11-15,2026-08-17,simulated
f_in_023,d_salbutamol,E26004,23,2027-06-21,2026-08-17,simulated
f_in_023,d_salbutamol,B26006,174,2027-12-08,2026-08-17,simulated
f_in_023,d_rhz_fdc,B25003,872,2027-04-08,2026-08-17,simulated
f_in_023,d_rhz_fdc,B26004,1929,2027-05-29,2026-08-17,simulated
f_in_023,d_oxytocin,E26007,77,2027-12-15,2026-08-17,simulated
f_in_023,d_magnesium_sulfate,B26004,88,2027-02-17,2026-08-17,simulated
f_in_023,d_magnesium_sulfate,B25002,33,2027-11-23,2026-08-17,simulated
f_in_023,d_iron_folic,B26005,17243,2027-11-10,2026-08-17,simulated
f_in_023,d_iron_folic,B25002,5499,2028-01-16,2026-08-17,simulated
f_in_023,d_iron_folic,B26004,105703,2028-04-11,2026-08-17,simulated
f_in_023,d_measles_rubella,B26008,85,2026-12-14,2026-08-17,simulated
f_in_023,d_measles_rubella,B26009,73,2027-03-31,2026-08-17,simulated
f_in_023,d_measles_rubella,B26006,46,2027-04-19,2026-08-17,simulated
f_in_023,d_measles_rubella,B26007,48,2027-04-19,2026-08-17,simulated
f_in_023,d_insulin,B26006,81,2026-12-15,2026-08-17,simulated
f_in_023,d_metformin,B26005,21534,2028-02-05,2026-08-17,simulated
f_in_023,d_metformin,B26006,39407,2028-02-06,2026-08-17,simulated
f_in_023,d_amlodipine,E26010,21458,2028-01-08,2026-08-17,simulated
f_in_023,d_amlodipine,B26011,2429,2028-08-30,2026-08-17,simulated
f_in_023,d_paracetamol,B26006,144,2027-06-08,2026-08-17,simulated
f_in_023,d_paracetamol,B26005,11180,2027-07-27,2026-08-17,simulated
f_in_024,d_asv,E26008,111,2027-08-15,2026-08-17,simulated
f_in_024,d_asv,B26009,168,2027-10-30,2026-08-17,simulated
f_in_024,d_ors,E26009,224,2027-08-07,2026-08-17,simulated
f_in_024,d_amoxicillin,E26010,6107,2027-04-18,2026-08-17,simulated
f_in_024,d_ceftriaxone,B26009,345,2027-05-25,2026-08-17,simulated
f_in_024,d_ceftriaxone,E26007,229,2027-09-01,2026-08-17,simulated
f_in_024,d_salbutamol,B26004,748,2026-08-20,2026-08-17,simulated
f_in_024,d_salbutamol,B-OPEN,295,2026-11-01,2026-08-17,simulated
f_in_024,d_salbutamol,B25003,235,2027-02-14,2026-08-17,simulated
f_in_024,d_salbutamol,B26005,377,2027-07-15,2026-08-17,simulated
f_in_024,d_rhz_fdc,E26008,891,2027-11-06,2026-08-17,simulated
f_in_024,d_oxytocin,E26008,47,2027-11-16,2026-08-17,simulated
f_in_024,d_magnesium_sulfate,B26007,3,2027-06-07,2026-08-17,simulated
f_in_024,d_magnesium_sulfate,B-OPEN,193,2027-09-11,2026-08-17,simulated
f_in_024,d_magnesium_sulfate,B26008,90,2028-06-09,2026-08-17,simulated
f_in_024,d_magnesium_sulfate,B26009,67,2028-09-04,2026-08-17,simulated
f_in_024,d_iron_folic,B26008,223,2028-05-10,2026-08-17,simulated
f_in_024,d_measles_rubella,B26008,58,2026-12-02,2026-08-17,simulated
f_in_024,d_measles_rubella,E26007,70,2027-02-02,2026-08-17,simulated
f_in_024,d_insulin,B26006,202,2026-12-22,2026-08-17,simulated
f_in_024,d_insulin,B26004,130,2027-06-21,2026-08-17,simulated
f_in_024,d_insulin,B26005,239,2027-09-16,2026-08-17,simulated
f_in_024,d_metformin,B26005,20306,2027-07-06,2026-08-17,simulated
f_in_024,d_metformin,B25003,30274,2028-03-04,2026-08-17,simulated
f_in_024,d_metformin,B26004,57472,2028-06-30,2026-08-17,simulated
f_in_024,d_amlodipine,B26006,70176,2028-09-13,2026-08-17,simulated
f_in_024,d_paracetamol,B26003,3197,2027-05-01,2026-08-17,simulated
f_in_024,d_paracetamol,B25002,19852,2027-10-12,2026-08-17,simulated
f_in_024,d_paracetamol,B26005,37153,2027-11-15,2026-08-17,simulated
f_in_024,d_paracetamol,B26004,25179,2028-03-09,2026-08-17,simulated
f_in_025,d_al_fdc,E26010,1841,2027-08-06,2026-08-17,simulated
f_in_025,d_asv,B25002,70,2026-11-07,2026-08-17,simulated
f_in_025,d_asv,B25003,347,2026-12-21,2026-08-17,simulated
f_in_025,d_asv,B26005,349,2027-10-20,2026-08-17,simulated
f_in_025,d_asv,B26004,158,2027-12-06,2026-08-17,simulated
f_in_025,d_amoxicillin,B26007,36337,2027-03-19,2026-08-17,simulated
f_in_025,d_amoxicillin,B26006,9775,2027-05-12,2026-08-17,simulated
f_in_025,d_ceftriaxone,B26008,168,2027-06-05,2026-08-17,simulated
f_in_025,d_ceftriaxone,B26009,587,2027-08-20,2026-08-17,simulated
f_in_025,d_salbutamol,B26006,5,2027-08-06,2026-08-17,simulated
f_in_025,d_salbutamol,E26005,70,2027-09-13,2026-08-17,simulated
f_in_025,d_salbutamol,B26007,291,2027-10-10,2026-08-17,simulated
f_in_025,d_rhz_fdc,B26006,123,2027-08-10,2026-08-17,simulated
f_in_025,d_magnesium_sulfate,B26009,17,2027-08-27,2026-08-17,simulated
f_in_025,d_magnesium_sulfate,E26008,59,2028-04-18,2026-08-17,simulated
f_in_025,d_iron_folic,B26005,24593,2027-04-16,2026-08-17,simulated
f_in_025,d_iron_folic,B26004,41429,2027-07-07,2026-08-17,simulated
f_in_025,d_iron_folic,B25003,36580,2027-08-30,2026-08-17,simulated
f_in_025,d_measles_rubella,E26006,74,2027-06-18,2026-08-17,simulated
f_in_025,d_insulin,B26005,27,2027-02-01,2026-08-17,simulated
f_in_025,d_insulin,E26004,156,2027-04-20,2026-08-17,simulated
f_in_025,d_metformin,B26004,10073,2027-05-26,2026-08-17,simulated
f_in_025,d_metformin,B-OPEN,54226,2027-07-29,2026-08-17,simulated
f_in_025,d_paracetamol,B26009,10614,2027-12-20,2026-08-17,simulated
f_in_026,d_ors,B25005,453,2028-02-23,2026-08-17,simulated
f_in_026,d_ors,B26008,8163,2028-09-13,2026-08-17,simulated
f_in_026,d_amoxicillin,B26009,11050,2027-05-25,2026-08-17,simulated
f_in_026,d_amoxicillin,B26010,8465,2027-11-08,2026-08-17,simulated
f_in_026,d_ceftriaxone,B26006,574,2027-05-01,2026-08-17,simulated
f_in_026,d_ceftriaxone,B26007,607,2027-07-11,2026-08-17,simulated
f_in_026,d_salbutamol,E26005,141,2027-08-07,2026-08-17,simulated
f_in_026,d_rhz_fdc,E26005,1528,2027-12-07,2026-08-17,simulated
f_in_026,d_oxytocin,E26010,58,2027-05-28,2026-08-17,simulated
f_in_026,d_oxytocin,B26011,61,2027-05-30,2026-08-17,simulated
f_in_026,d_magnesium_sulfate,B26006,43,2028-05-08,2026-08-17,simulated
f_in_026,d_iron_folic,E26009,38965,2028-03-14,2026-08-17,simulated
f_in_026,d_iron_folic,B26010,3807,2028-09-13,2026-08-17,simulated
f_in_026,d_measles_rubella,B26008,14,2026-11-02,2026-08-17,simulated
f_in_026,d_measles_rubella,E26007,9,2027-04-06,2026-08-17,simulated
f_in_026,d_insulin,B26006,148,2027-08-28,2026-08-17,simulated
f_in_026,d_metformin,E26010,6296,2027-08-30,2026-08-17,simulated
f_in_026,d_amlodipine,B26005,1610,2027-04-02,2026-08-17,simulated
f_in_026,d_paracetamol,E26008,3602,2028-06-01,2026-08-17,simulated
f_in_027,d_ors,B26008,3062,2028-01-11,2026-08-17,simulated
f_in_027,d_amoxicillin,B26005,7466,2027-01-10,2026-08-17,simulated
f_in_027,d_amoxicillin,E26004,11787,2027-03-14,2026-08-17,simulated
f_in_027,d_amoxicillin,B26006,62492,2027-11-21,2026-08-17,simulated
f_in_027,d_ceftriaxone,B26005,1720,2027-02-14,2026-08-17,simulated
f_in_027,d_salbutamol,B26006,121,2026-11-18,2026-08-17,simulated
f_in_027,d_salbutamol,B26007,278,2027-06-09,2026-08-17,simulated
f_in_027,d_salbutamol,E26005,184,2027-09-01,2026-08-17,simulated
f_in_027,d_rhz_fdc,B26004,2577,2027-06-08,2026-08-17,simulated
f_in_027,d_rhz_fdc,B26003,108,2027-07-26,2026-08-17,simulated
f_in_027,d_oxytocin,B26006,82,2028-02-04,2026-08-17,simulated
f_in_027,d_magnesium_sulfate,B26008,14,2027-07-04,2026-08-17,simulated
f_in_027,d_magnesium_sulfate,B26007,89,2028-07-10,2026-08-17,simulated
f_in_027,d_iron_folic,B26004,82343,2027-06-07,2026-08-17,simulated
f_in_027,d_iron_folic,B25001,94549,2027-06-18,2026-08-17,simulated
f_in_027,d_measles_rubella,E26007,52,2027-03-25,2026-08-17,simulated
f_in_027,d_insulin,B26009,140,2028-02-05,2026-08-17,simulated
f_in_027,d_metformin,B26008,24913,2028-05-13,2026-08-17,simulated
f_in_027,d_amlodipine,B26006,10093,2027-05-04,2026-08-17,simulated
f_in_027,d_paracetamol,E26010,2044,2028-11-06,2026-08-17,simulated
f_in_028,d_al_fdc,B26008,1864,2027-06-16,2026-08-17,simulated
f_in_028,d_al_fdc,E26007,1327,2027-12-09,2026-08-17,simulated
f_in_028,d_asv,E26008,1,2027-06-19,2026-08-17,simulated
f_in_028,d_ors,E26008,682,2028-05-19,2026-08-17,simulated
f_in_028,d_amoxicillin,E26007,21699,2028-01-15,2026-08-17,simulated
f_in_028,d_ceftriaxone,B26008,361,2026-11-21,2026-08-17,simulated
f_in_028,d_ceftriaxone,B26007,654,2027-02-28,2026-08-17,simulated
f_in_028,d_ceftriaxone,B25006,592,2027-06-01,2026-08-17,simulated
f_in_028,d_ceftriaxone,B26009,611,2027-11-13,2026-08-17,simulated
f_in_028,d_salbutamol,E26008,84,2027-07-23,2026-08-17,simulated
f_in_028,d_salbutamol,B26009,164,2027-10-09,2026-08-17,simulated
f_in_028,d_rhz_fdc,B26003,2975,2027-02-20,2026-08-17,simulated
f_in_028,d_rhz_fdc,B26004,2971,2027-10-20,2026-08-17,simulated
f_in_028,d_magnesium_sulfate,E26008,52,2027-09-09,2026-08-17,simulated
f_in_028,d_iron_folic,E26007,53523,2028-06-24,2026-08-17,simulated
f_in_028,d_iron_folic,B26008,50694,2028-07-01,2026-08-17,simulated
f_in_028,d_measles_rubella,B26005,50,2027-05-09,2026-08-17,simulated
f_in_028,d_insulin,B26006,237,2027-03-03,2026-08-17,simulated
f_in_028,d_insulin,B26005,124,2027-05-10,2026-08-17,simulated
f_in_028,d_metformin,E26008,14561,2028-02-25,2026-08-17,simulated
f_in_028,d_amlodipine,B26005,36602,2027-04-16,2026-08-17,simulated
f_in_028,d_amlodipine,B26004,54532,2027-10-22,2026-08-17,simulated
f_in_028,d_amlodipine,B-OPEN,6950,2028-02-10,2026-08-17,simulated
f_in_028,d_paracetamol,B26010,21817,2028-09-03,2026-08-17,simulated
f_in_029,d_al_fdc,B25003,852,2026-12-30,2026-08-17,simulated
f_in_029,d_al_fdc,B25002,3190,2027-01-04,2026-08-17,simulated
f_in_029,d_al_fdc,B26006,1837,2027-04-14,2026-08-17,simulated
f_in_029,d_amoxicillin,E26007,6275,2027-10-06,2026-08-17,simulated
f_in_029,d_ceftriaxone,E26005,257,2026-12-13,2026-08-17,simulated
f_in_029,d_ceftriaxone,B26006,1695,2027-01-22,2026-08-17,simulated
f_in_029,d_salbutamol,B26005,242,2027-06-02,2026-08-17,simulated
f_in_029,d_salbutamol,B26006,303,2027-10-31,2026-08-17,simulated
f_in_029,d_rhz_fdc,B26006,1889,2027-08-07,2026-08-17,simulated
f_in_029,d_oxytocin,E26010,62,2027-08-04,2026-08-17,simulated
f_in_029,d_magnesium_sulfate,B26005,11,2027-01-20,2026-08-17,simulated
f_in_029,d_magnesium_sulfate,B26006,42,2028-06-11,2026-08-17,simulated
f_in_029,d_iron_folic,B26007,52059,2027-04-09,2026-08-17,simulated
f_in_029,d_iron_folic,B26005,62982,2027-10-01,2026-08-17,simulated
f_in_029,d_iron_folic,B26006,42019,2028-03-17,2026-08-17,simulated
f_in_029,d_measles_rubella,B26008,53,2027-03-16,2026-08-17,simulated
f_in_029,d_measles_rubella,B26009,74,2027-08-28,2026-08-17,simulated
f_in_029,d_insulin,B26004,30,2027-02-14,2026-08-17,simulated
f_in_029,d_insulin,B26006,217,2027-05-15,2026-08-17,simulated
f_in_029,d_metformin,B26007,14881,2028-06-26,2026-08-17,simulated
f_in_029,d_amlodipine,B26006,27929,2027-10-09,2026-08-17,simulated
f_in_029,d_amlodipine,B-OPEN,6359,2027-10-28,2026-08-17,simulated
f_in_029,d_paracetamol,E26005,11094,2028-06-21,2026-08-17,simulated
f_in_030,d_al_fdc,B26007,2186,2027-02-13,2026-08-17,simulated
f_in_030,d_asv,B26009,128,2027-12-24,2026-08-17,simulated
f_in_030,d_ors,B26006,1478,2028-06-17,2026-08-17,simulated
f_in_030,d_amoxicillin,B26005,40205,2027-03-13,2026-08-17,simulated
f_in_030,d_amoxicillin,B26004,771,2027-10-10,2026-08-17,simulated
f_in_030,d_ceftriaxone,E26007,189,2027-03-03,2026-08-17,simulated
f_in_030,d_salbutamol,B26006,129,2027-04-20,2026-08-17,simulated
f_in_030,d_salbutamol,B26004,397,2027-08-10,2026-08-17,simulated
f_in_030,d_salbutamol,B26005,167,2027-11-27,2026-08-17,simulated
f_in_030,d_rhz_fdc,B25004,1129,2027-05-29,2026-08-17,simulated
f_in_030,d_rhz_fdc,B26008,2760,2027-09-10,2026-08-17,simulated
f_in_030,d_oxytocin,E26009,144,2027-05-17,2026-08-17,simulated
f_in_030,d_measles_rubella,E26007,67,2027-01-08,2026-08-17,simulated
f_in_030,d_measles_rubella,B26008,1,2027-03-22,2026-08-17,simulated
f_in_030,d_measles_rubella,B26009,45,2027-04-09,2026-08-17,simulated
f_in_030,d_insulin,B25002,7,2027-01-17,2026-08-17,simulated
f_in_030,d_insulin,B26004,348,2027-04-03,2026-08-17,simulated
f_in_030,d_metformin,B26005,29638,2027-05-25,2026-08-17,simulated
f_in_030,d_metformin,B25003,11182,2028-02-08,2026-08-17,simulated
f_in_030,d_amlodipine,B26007,4170,2028-10-28,2026-08-17,simulated
f_in_030,d_paracetamol,B26004,2132,2027-02-04,2026-08-17,simulated
f_in_031,d_ors,E26010,3343,2028-05-05,2026-08-17,simulated
f_in_031,d_ceftriaxone,B26009,444,2026-12-31,2026-08-17,simulated
f_in_031,d_ceftriaxone,B26008,30,2027-11-08,2026-08-17,simulated
f_in_031,d_salbutamol,B26007,90,2027-04-07,2026-08-17,simulated
f_in_031,d_salbutamol,B26006,63,2027-08-11,2026-08-17,simulated
f_in_031,d_rhz_fdc,B26006,2324,2027-11-06,2026-08-17,simulated
f_in_031,d_oxytocin,E26009,66,2027-08-22,2026-08-17,simulated
f_in_031,d_magnesium_sulfate,B26003,245,2028-06-17,2026-08-17,simulated
f_in_031,d_iron_folic,E26007,39881,2028-11-10,2026-08-17,simulated
f_in_031,d_measles_rubella,B26008,142,2027-01-16,2026-08-17,simulated
f_in_031,d_insulin,B26008,44,2026-12-20,2026-08-17,simulated
f_in_031,d_insulin,B26006,106,2027-03-13,2026-08-17,simulated
f_in_031,d_metformin,B-OPEN,6924,2027-11-10,2026-08-17,simulated
f_in_031,d_metformin,B26009,35514,2027-12-29,2026-08-17,simulated
f_in_031,d_metformin,B26007,26968,2028-02-14,2026-08-17,simulated
f_in_031,d_metformin,B26008,42087,2028-08-20,2026-08-17,simulated
f_in_031,d_amlodipine,B26008,28837,2027-05-14,2026-08-17,simulated
f_in_031,d_amlodipine,B26005,23291,2028-02-11,2026-08-17,simulated
f_in_031,d_amlodipine,B26007,33263,2028-03-02,2026-08-17,simulated
f_in_031,d_paracetamol,B26005,46109,2027-03-12,2026-08-17,simulated
f_in_031,d_paracetamol,B25001,45123,2027-07-24,2026-08-17,simulated
f_in_032,d_al_fdc,B26007,268,2027-06-11,2026-08-17,simulated
f_in_032,d_ors,E26010,1313,2028-09-08,2026-08-17,simulated
f_in_032,d_amoxicillin,B26006,20187,2026-10-10,2026-08-17,simulated
f_in_032,d_amoxicillin,B26007,22752,2027-01-05,2026-08-17,simulated
f_in_032,d_amoxicillin,E26005,1689,2027-06-10,2026-08-17,simulated
f_in_032,d_amoxicillin,B26008,7847,2028-02-02,2026-08-17,simulated
f_in_032,d_ceftriaxone,B26010,259,2026-12-14,2026-08-17,simulated
f_in_032,d_ceftriaxone,E26008,157,2027-02-15,2026-08-17,simulated
f_in_032,d_ceftriaxone,B26009,188,2027-08-02,2026-08-17,simulated
f_in_032,d_ceftriaxone,B26011,175,2027-08-22,2026-08-17,simulated
f_in_032,d_salbutamol,E26005,69,2027-10-20,2026-08-17,simulated
f_in_032,d_rhz_fdc,E26008,1016,2028-02-13,2026-08-17,simulated
f_in_032,d_oxytocin,E26010,113,2027-11-02,2026-08-17,simulated
f_in_032,d_magnesium_sulfate,B26007,50,2027-09-21,2026-08-17,simulated
f_in_032,d_iron_folic,B26006,28767,2027-10-21,2026-08-17,simulated
f_in_032,d_iron_folic,B25004,45145,2027-12-09,2026-08-17,simulated
f_in_032,d_measles_rubella,B26007,68,2026-11-22,2026-08-17,simulated
f_in_032,d_insulin,B26007,130,2027-06-18,2026-08-17,simulated
f_in_032,d_insulin,B26008,102,2027-07-15,2026-08-17,simulated
f_in_032,d_insulin,B26006,79,2027-09-24,2026-08-17,simulated
f_in_032,d_metformin,B26006,44013,2027-10-09,2026-08-17,simulated
f_in_032,d_metformin,B26005,18711,2027-12-31,2026-08-17,simulated
f_in_032,d_metformin,B26004,22021,2028-03-12,2026-08-17,simulated
f_in_032,d_amlodipine,B26006,12842,2027-07-30,2026-08-17,simulated
f_in_032,d_amlodipine,B26005,499,2027-12-14,2026-08-17,simulated
f_in_032,d_amlodipine,E26004,17632,2028-01-31,2026-08-17,simulated
f_in_032,d_paracetamol,B26007,4306,2028-04-02,2026-08-17,simulated
f_in_032,d_paracetamol,B26006,6723,2028-06-04,2026-08-17,simulated
f_in_032,d_paracetamol,B26008,18227,2028-11-06,2026-08-17,simulated
f_in_033,d_al_fdc,B25004,138,2027-03-04,2026-08-17,simulated
f_in_033,d_asv,B26006,271,2027-02-06,2026-08-17,simulated
f_in_033,d_amoxicillin,B26008,16956,2026-12-27,2026-08-17,simulated
f_in_033,d_ceftriaxone,E26004,286,2027-07-14,2026-08-17,simulated
f_in_033,d_ceftriaxone,B26005,1134,2027-07-18,2026-08-17,simulated
f_in_033,d_salbutamol,E26008,116,2027-03-14,2026-08-17,simulated
f_in_033,d_rhz_fdc,B26006,968,2027-10-15,2026-08-17,simulated
f_in_033,d_oxytocin,B26006,1,2026-11-28,2026-08-17,simulated
f_in_033,d_oxytocin,B25002,354,2026-12-13,2026-08-17,simulated
f_in_033,d_oxytocin,B26007,153,2027-08-21,2026-08-17,simulated
f_in_033,d_oxytocin,B26008,205,2027-12-02,2026-08-17,simulated
f_in_033,d_oxytocin,B26009,172,2028-02-10,2026-08-17,simulated
f_in_033,d_magnesium_sulfate,E26004,20,2027-05-21,2026-08-17,simulated
f_in_033,d_iron_folic,B26004,66714,2027-05-04,2026-08-17,simulated
f_in_033,d_iron_folic,B25002,15849,2027-10-14,2026-08-17,simulated
f_in_033,d_iron_folic,B26003,154439,2028-04-20,2026-08-17,simulated
f_in_033,d_measles_rubella,B26004,92,2026-12-27,2026-08-17,simulated
f_in_033,d_measles_rubella,B26005,357,2027-02-19,2026-08-17,simulated
f_in_033,d_measles_rubella,B26006,394,2027-02-21,2026-08-17,simulated
f_in_033,d_insulin,B26007,93,2027-05-28,2026-08-17,simulated
f_in_033,d_insulin,B26006,118,2027-10-19,2026-08-17,simulated
f_in_033,d_metformin,B26004,38127,2026-12-03,2026-08-17,simulated
f_in_033,d_metformin,B26006,41938,2027-12-31,2026-08-17,simulated
f_in_033,d_metformin,B26005,33369,2028-07-10,2026-08-17,simulated
f_in_033,d_amlodipine,B26007,14835,2028-06-23,2026-08-17,simulated
f_in_033,d_amlodipine,B26009,23325,2028-09-10,2026-08-17,simulated
f_br_035,d_al_fdc,B26009,25516,2027-02-26,2026-08-17,simulated
f_br_035,d_al_fdc,E26008,52155,2027-08-06,2026-08-17,simulated
f_br_035,d_asv,B26008,780,2027-08-21,2026-08-17,simulated
f_br_035,d_asv,B26009,524,2028-02-04,2026-08-17,simulated
f_br_035,d_ors,B26004,39491,2027-04-21,2026-08-17,simulated
f_br_035,d_ors,B-OPEN,86945,2027-05-20,2026-08-17,simulated
f_br_035,d_ors,B26005,59435,2028-03-03,2026-08-17,simulated
f_br_035,d_amoxicillin,E26008,193070,2027-07-22,2026-08-17,simulated
f_br_035,d_salbutamol,B26009,6148,2027-04-13,2026-08-17,simulated
f_br_035,d_salbutamol,B26008,1388,2027-06-01,2026-08-17,simulated
f_br_035,d_oxytocin,E26009,744,2027-07-30,2026-08-17,simulated
f_br_035,d_magnesium_sulfate,B26009,1212,2028-02-09,2026-08-17,simulated
f_br_035,d_iron_folic,E26008,337479,2028-08-24,2026-08-17,simulated
f_br_035,d_measles_rubella,E26006,92,2027-05-24,2026-08-17,simulated
f_br_035,d_measles_rubella,B26007,259,2027-08-13,2026-08-17,simulated
f_br_035,d_insulin,E26008,896,2027-06-03,2026-08-17,simulated
f_br_035,d_metformin,E26009,352316,2027-08-16,2026-08-17,simulated
f_br_035,d_metformin,B26010,103052,2028-04-02,2026-08-17,simulated
f_br_035,d_amlodipine,B26009,668235,2028-03-05,2026-08-17,simulated
f_br_035,d_paracetamol,E26007,71990,2027-08-27,2026-08-17,simulated
f_br_035,d_paracetamol,B26008,419167,2028-03-18,2026-08-17,simulated
f_br_036,d_al_fdc,E26006,2521,2028-01-01,2026-08-17,simulated
f_br_036,d_al_fdc,B26007,11728,2028-02-02,2026-08-17,simulated
f_br_036,d_asv,B26008,27,2026-12-23,2026-08-17,simulated
f_br_036,d_asv,E26007,19,2027-02-10,2026-08-17,simulated
f_br_036,d_ors,B26004,56,2026-09-23,2026-08-17,simulated
f_br_036,d_ors,E25003,541,2028-05-20,2026-08-17,simulated
f_br_036,d_ors,B26005,9387,2028-08-27,2026-08-17,simulated
f_br_036,d_amoxicillin,B26006,73934,2027-06-07,2026-08-17,simulated
f_br_036,d_ceftriaxone,B26008,1671,2027-01-13,2026-08-17,simulated
f_br_036,d_salbutamol,B25003,407,2027-03-27,2026-08-17,simulated
f_br_036,d_salbutamol,B26005,243,2027-10-12,2026-08-17,simulated
f_br_036,d_salbutamol,B26006,418,2027-12-06,2026-08-17,simulated
f_br_036,d_rhz_fdc,B26005,279,2027-02-01,2026-08-17,simulated
f_br_036,d_rhz_fdc,B26004,1770,2027-02-20,2026-08-17,simulated
f_br_036,d_rhz_fdc,B26006,5354,2028-01-10,2026-08-17,simulated
f_br_036,d_magnesium_sulfate,B26008,132,2027-04-04,2026-08-17,simulated
f_br_036,d_magnesium_sulfate,B26007,28,2028-10-17,2026-08-17,simulated
f_br_036,d_iron_folic,B26008,26756,2028-10-15,2026-08-17,simulated
f_br_036,d_measles_rubella,B26004,82,2027-04-24,2026-08-17,simulated
f_br_036,d_insulin,B26009,149,2028-02-20,2026-08-17,simulated
f_br_036,d_metformin,B-OPEN,41100,2027-01-15,2026-08-17,simulated
f_br_036,d_metformin,B26004,112563,2027-01-17,2026-08-17,simulated
f_br_036,d_metformin,B25001,437399,2027-07-18,2026-08-17,simulated
f_br_036,d_metformin,B26005,80166,2028-01-02,2026-08-17,simulated
f_br_036,d_amlodipine,B26008,3120,2027-08-09,2026-08-17,simulated
f_br_036,d_paracetamol,E26007,11029,2027-09-22,2026-08-17,simulated
f_br_037,d_al_fdc,B26008,9221,2027-01-08,2026-08-17,simulated
f_br_037,d_al_fdc,E26007,5292,2027-05-21,2026-08-17,simulated
f_br_037,d_asv,E26007,75,2026-12-28,2026-08-17,simulated
f_br_037,d_ors,B26006,3754,2026-12-23,2026-08-17,simulated
f_br_037,d_ors,B26005,1298,2027-01-06,2026-08-17,simulated
f_br_037,d_ors,B26007,2602,2027-05-24,2026-08-17,simulated
f_br_037,d_ors,B26008,2080,2027-11-29,2026-08-17,simulated
f_br_037,d_amoxicillin,E26007,26629,2027-08-11,2026-08-17,simulated
f_br_037,d_ceftriaxone,B26009,1553,2028-01-05,2026-08-17,simulated
f_br_037,d_salbutamol,E26008,120,2027-03-11,2026-08-17,simulated
f_br_037,d_oxytocin,E26005,250,2027-10-23,2026-08-17,simulated
f_br_037,d_oxytocin,B26006,663,2028-03-01,2026-08-17,simulated
f_br_037,d_magnesium_sulfate,B26006,33,2027-07-21,2026-08-17,simulated
f_br_037,d_magnesium_sulfate,B25002,103,2027-11-03,2026-08-17,simulated
f_br_037,d_magnesium_sulfate,B25004,398,2027-12-12,2026-08-17,simulated
f_br_037,d_iron_folic,B25001,294904,2027-09-25,2026-08-17,simulated
f_br_037,d_iron_folic,B26003,237618,2027-10-05,2026-08-17,simulated
f_br_037,d_iron_folic,B-OPEN,175448,2027-12-24,2026-08-17,simulated
f_br_037,d_iron_folic,B26004,175556,2028-09-05,2026-08-17,simulated
f_br_037,d_measles_rubella,B26006,32,2026-10-19,2026-08-17,simulated
f_br_037,d_measles_rubella,E26005,192,2027-03-16,2026-08-17,simulated
f_br_037,d_insulin,E26008,745,2027-05-10,2026-08-17,simulated
f_br_037,d_metformin,B25001,121454,2027-03-08,2026-08-17,simulated
f_br_037,d_metformin,B25005,129347,2027-04-02,2026-08-17,simulated
f_br_037,d_metformin,B26008,72231,2027-04-03,2026-08-17,simulated
f_br_037,d_metformin,B25002,315696,2027-08-28,2026-08-17,simulated
f_br_037,d_metformin,B26007,120628,2027-11-04,2026-08-17,simulated
f_br_037,d_amlodipine,B26011,18248,2027-09-23,2026-08-17,simulated
f_br_037,d_amlodipine,E26010,50735,2027-10-16,2026-08-17,simulated
f_br_037,d_paracetamol,B-OPEN,135858,2026-08-27,2026-08-17,simulated
f_br_037,d_paracetamol,B25003,51106,2027-04-21,2026-08-17,simulated
f_br_037,d_paracetamol,B26004,110638,2028-01-03,2026-08-17,simulated
f_br_038,d_al_fdc,B26005,1045,2027-08-06,2026-08-17,simulated
f_br_038,d_al_fdc,B26006,10908,2027-11-05,2026-08-17,simulated
f_br_038,d_asv,E26007,104,2027-03-10,2026-08-17,simulated
f_br_038,d_asv,B26008,172,2027-12-22,2026-08-17,simulated
f_br_038,d_ors,B26005,4584,2028-05-21,2026-08-17,simulated
f_br_038,d_amoxicillin,B26008,28348,2027-02-03,2026-08-17,simulated
f_br_038,d_salbutamol,B26008,695,2028-02-18,2026-08-17,simulated
f_br_038,d_rhz_fdc,E26007,165,2027-12-24,2026-08-17,simulated
f_br_038,d_oxytocin,B26007,475,2026-12-12,2026-08-17,simulated
f_br_038,d_magnesium_sulfate,B26005,317,2027-03-24,2026-08-17,simulated
f_br_038,d_magnesium_sulfate,B26004,335,2027-05-31,2026-08-17,simulated
f_br_038,d_magnesium_sulfate,B25002,300,2027-12-06,2026-08-17,simulated
f_br_038,d_iron_folic,B25001,552949,2027-04-28,2026-08-17,simulated
f_br_038,d_iron_folic,B25003,95868,2027-07-16,2026-08-17,simulated
f_br_038,d_iron_folic,B26005,107762,2028-02-15,2026-08-17,simulated
f_br_038,d_iron_folic,B25004,174967,2028-05-12,2026-08-17,simulated
f_br_038,d_iron_folic,B26006,95625,2028-10-01,2026-08-17,simulated
f_br_038,d_measles_rubella,B26005,309,2026-09-04,2026-08-17,simulated
f_br_038,d_measles_rubella,B26004,204,2027-01-01,2026-08-17,simulated
f_br_038,d_insulin,B25004,169,2027-03-31,2026-08-17,simulated
f_br_038,d_insulin,B26006,816,2027-05-24,2026-08-17,simulated
f_br_038,d_metformin,B26007,77433,2027-11-03,2026-08-17,simulated
f_br_038,d_amlodipine,E26006,54753,2027-06-28,2026-08-17,simulated
f_br_038,d_paracetamol,B26008,20254,2027-07-27,2026-08-17,simulated
f_br_039,d_al_fdc,B26008,16353,2027-02-22,2026-08-17,simulated
f_br_039,d_al_fdc,B26006,12101,2027-03-09,2026-08-17,simulated
f_br_039,d_al_fdc,B26007,26881,2027-11-03,2026-08-17,simulated
f_br_039,d_asv,B26006,25,2026-10-04,2026-08-17,simulated
f_br_039,d_asv,B26007,215,2027-05-17,2026-08-17,simulated
f_br_039,d_ors,E26007,1575,2027-10-29,2026-08-17,simulated
f_br_039,d_amoxicillin,B-OPEN,57800,2026-12-14,2026-08-17,simulated
f_br_039,d_amoxicillin,B26005,136175,2027-10-16,2026-08-17,simulated
f_br_039,d_salbutamol,B26007,1444,2027-11-10,2026-08-17,simulated
f_br_039,d_rhz_fdc,E26009,503,2028-01-13,2026-08-17,simulated
f_br_039,d_oxytocin,B26005,785,2027-06-11,2026-08-17,simulated
f_br_039,d_magnesium_sulfate,B26010,146,2027-07-12,2026-08-17,simulated
f_br_039,d_iron_folic,B26005,1037,2027-05-04,2026-08-17,simulated
f_br_039,d_iron_folic,B25003,121690,2027-06-24,2026-08-17,simulated
f_br_039,d_iron_folic,B26006,168625,2028-05-01,2026-08-17,simulated
f_br_039,d_measles_rubella,B26006,55,2027-05-06,2026-08-17,simulated
f_br_039,d_measles_rubella,E26005,155,2027-07-29,2026-08-17,simulated
f_br_039,d_amlodipine,B26006,124840,2028-01-18,2026-08-17,simulated
f_br_039,d_amlodipine,B26005,255371,2028-07-06,2026-08-17,simulated
f_br_039,d_paracetamol,E26006,32423,2027-11-22,2026-08-17,simulated
f_br_039,d_paracetamol,B26007,37010,2028-02-04,2026-08-17,simulated
f_br_040,d_al_fdc,B26008,1314,2027-11-21,2026-08-17,simulated
f_br_040,d_asv,B26007,12,2027-07-31,2026-08-17,simulated
f_br_040,d_ors,B26007,925,2027-01-17,2026-08-17,simulated
f_br_040,d_ors,B25005,1554,2027-04-14,2026-08-17,simulated
f_br_040,d_ors,B25003,971,2027-06-28,2026-08-17,simulated
f_br_040,d_ors,B-OPEN,3975,2027-10-11,2026-08-17,simulated
f_br_040,d_ors,B26006,3194,2028-06-25,2026-08-17,simulated
f_br_040,d_ors,B26008,980,2028-07-03,2026-08-17,simulated
f_br_040,d_amoxicillin,B26009,2249,2028-01-28,2026-08-17,simulated
f_br_040,d_ceftriaxone,E26009,175,2027-10-10,2026-08-17,simulated
f_br_040,d_salbutamol,B26006,100,2027-08-31,2026-08-17,simulated
f_br_040,d_oxytocin,B26004,29,2027-02-04,2026-08-17,simulated
f_br_040,d_oxytocin,B26005,206,2027-02-11,2026-08-17,simulated
f_br_040,d_magnesium_sulfate,B25003,26,2027-08-01,2026-08-17,simulated
f_br_040,d_magnesium_sulfate,B26004,153,2028-04-16,2026-08-17,simulated
f_br_040,d_iron_folic,E26010,12094,2027-12-24,2026-08-17,simulated
f_br_040,d_measles_rubella,E26008,71,2027-02-05,2026-08-17,simulated
f_br_040,d_insulin,E26010,35,2027-07-10,2026-08-17,simulated
f_br_040,d_metformin,E26009,22544,2028-09-24,2026-08-17,simulated
f_br_040,d_amlodipine,B26008,20995,2027-10-23,2026-08-17,simulated
f_br_040,d_amlodipine,B26005,1323,2027-11-12,2026-08-17,simulated
f_br_040,d_amlodipine,B26007,34782,2028-01-15,2026-08-17,simulated
f_br_040,d_amlodipine,B25004,37432,2028-04-20,2026-08-17,simulated
f_br_040,d_paracetamol,B26005,16567,2028-06-14,2026-08-17,simulated
f_br_041,d_al_fdc,E26008,1329,2027-05-13,2026-08-17,simulated
f_br_041,d_asv,B26006,33,2027-11-27,2026-08-17,simulated
f_br_041,d_ors,B26006,2118,2027-02-19,2026-08-17,simulated
f_br_041,d_ceftriaxone,B26002,228,2027-11-30,2026-08-17,simulated
f_br_041,d_salbutamol,B26008,8,2027-01-17,2026-08-17,simulated
f_br_041,d_rhz_fdc,E26008,97,2027-11-04,2026-08-17,simulated
f_br_041,d_oxytocin,B26007,65,2027-11-28,2026-08-17,simulated
f_br_041,d_magnesium_sulfate,B26008,27,2027-04-12,2026-08-17,simulated
f_br_041,d_magnesium_sulfate,B25003,13,2027-11-21,2026-08-17,simulated
f_br_041,d_magnesium_sulfate,B26006,40,2028-01-28,2026-08-17,simulated
f_br_041,d_iron_folic,E26010,9363,2027-11-11,2026-08-17,simulated
f_br_041,d_measles_rubella,B26008,15,2026-12-13,2026-08-17,simulated
f_br_041,d_measles_rubella,E26007,1,2027-07-04,2026-08-17,simulated
f_br_041,d_insulin,B26006,222,2028-01-14,2026-08-17,simulated
f_br_041,d_metformin,E26007,7526,2027-08-19,2026-08-17,simulated
f_br_041,d_amlodipine,B26006,78,2027-03-15,2026-08-17,simulated
f_br_041,d_amlodipine,B26005,35417,2027-12-12,2026-08-17,simulated
f_br_041,d_paracetamol,B26005,5821,2027-04-19,2026-08-17,simulated
f_br_042,d_al_fdc,B26004,4750,2026-09-21,2026-08-17,simulated
f_br_042,d_asv,B26006,43,2027-10-04,2026-08-17,simulated
f_br_042,d_asv,E26005,9,2027-11-03,2026-08-17,simulated
f_br_042,d_ors,B26005,2003,2027-01-23,2026-08-17,simulated
f_br_042,d_ceftriaxone,B26006,1227,2027-04-15,2026-08-17,simulated
f_br_042,d_ceftriaxone,B26004,632,2027-08-21,2026-08-17,simulated
f_br_042,d_salbutamol,E26010,15,2027-03-31,2026-08-17,simulated
f_br_042,d_rhz_fdc,B26005,103,2027-04-07,2026-08-17,simulated
f_br_042,d_rhz_fdc,B26006,453,2027-05-22,2026-08-17,simulated
f_br_042,d_rhz_fdc,E26004,115,2027-06-11,2026-08-17,simulated
f_br_042,d_magnesium_sulfate,B26006,52,2028-10-10,2026-08-17,simulated
f_br_042,d_iron_folic,E26008,18419,2028-08-23,2026-08-17,simulated
f_br_042,d_measles_rubella,B25004,26,2026-08-24,2026-08-17,simulated
f_br_042,d_measles_rubella,B26007,87,2027-03-30,2026-08-17,simulated
f_br_042,d_measles_rubella,B26008,61,2027-09-02,2026-08-17,simulated
f_br_042,d_insulin,B25001,304,2026-10-18,2026-08-17,simulated
f_br_042,d_insulin,B26006,195,2026-12-15,2026-08-17,simulated
f_br_042,d_insulin,B26005,281,2027-06-12,2026-08-17,simulated
f_br_042,d_insulin,B25004,230,2027-07-24,2026-08-17,simulated
f_br_042,d_metformin,B25003,12668,2028-01-31,2026-08-17,simulated
f_br_042,d_metformin,B26005,49439,2028-07-28,2026-08-17,simulated
f_br_042,d_amlodipine,B26009,12887,2028-06-12,2026-08-17,simulated
f_br_042,d_paracetamol,E26004,6118,2027-07-13,2026-08-17,simulated
f_br_043,d_al_fdc,E26011,856,2027-05-13,2026-08-17,simulated
f_br_043,d_al_fdc,B26012,211,2027-09-09,2026-08-17,simulated
f_br_043,d_asv,B26005,54,2027-02-14,2026-08-17,simulated
f_br_043,d_ors,E26010,1350,2027-09-25,2026-08-17,simulated
f_br_043,d_amoxicillin,B26005,4649,2026-11-15,2026-08-17,simulated
f_br_043,d_amoxicillin,B25001,5802,2026-11-19,2026-08-17,simulated
f_br_043,d_ceftriaxone,B26003,288,2027-08-14,2026-08-17,simulated
f_br_043,d_ceftriaxone,B26004,558,2027-08-22,2026-08-17,simulated
f_br_043,d_salbutamol,B-OPEN,324,2027-01-14,2026-08-17,simulated
f_br_043,d_salbutamol,B26007,147,2027-09-11,2026-08-17,simulated
f_br_043,d_rhz_fdc,B26006,204,2027-08-22,2026-08-17,simulated
f_br_043,d_rhz_fdc,B26009,242,2027-12-29,2026-08-17,simulated
f_br_043,d_magnesium_sulfate,B25004,28,2027-05-12,2026-08-17,simulated
f_br_043,d_magnesium_sulfate,B26005,55,2028-02-28,2026-08-17,simulated
f_br_043,d_magnesium_sulfate,B26006,39,2028-08-30,2026-08-17,simulated
f_br_043,d_iron_folic,B26007,11196,2028-05-01,2026-08-17,simulated
f_br_043,d_measles_rubella,E26006,19,2026-12-04,2026-08-17,simulated
f_br_043,d_measles_rubella,B26007,8,2027-03-19,2026-08-17,simulated
f_br_043,d_insulin,E26008,118,2027-05-06,2026-08-17,simulated
f_br_043,d_insulin,B26009,9,2027-11-25,2026-08-17,simulated
f_br_043,d_metformin,E26007,8390,2028-09-23,2026-08-17,simulated
f_br_043,d_amlodipine,B26005,2292,2027-07-05,2026-08-17,simulated
f_br_043,d_amlodipine,B26004,17685,2028-06-25,2026-08-17,simulated
f_br_043,d_paracetamol,E26005,3723,2028-08-10,2026-08-17,simulated
f_br_043,d_paracetamol,B26006,12883,2028-09-11,2026-08-17,simulated
f_br_044,d_al_fdc,B26009,1267,2027-02-02,2026-08-17,simulated
f_br_044,d_al_fdc,B26010,746,2027-02-24,2026-08-17,simulated
f_br_044,d_asv,B26008,4,2027-07-06,2026-08-17,simulated
f_br_044,d_asv,B26009,18,2028-02-03,2026-08-17,simulated
f_br_044,d_ors,B26004,4230,2027-04-20,2026-08-17,simulated
f_br_044,d_ors,B25003,1884,2027-06-13,2026-08-17,simulated
f_br_044,d_amoxicillin,B26006,24611,2028-03-10,2026-08-17,simulated
f_br_044,d_ceftriaxone,B26006,563,2027-03-19,2026-08-17,simulated
f_br_044,d_salbutamol,B26007,85,2027-04-13,2026-08-17,simulated
f_br_044,d_salbutamol,B25005,246,2027-07-02,2026-08-17,simulated
f_br_044,d_salbutamol,B26008,303,2027-08-22,2026-08-17,simulated
f_br_044,d_rhz_fdc,E26010,153,2027-07-07,2026-08-17,simulated
f_br_044,d_oxytocin,E26008,56,2027-04-02,2026-08-17,simulated
f_br_044,d_magnesium_sulfate,B25005,3,2027-11-03,2026-08-17,simulated
f_br_044,d_magnesium_sulfate,B26009,36,2028-03-04,2026-08-17,simulated
f_br_044,d_magnesium_sulfate,B26007,41,2028-06-12,2026-08-17,simulated
f_br_044,d_iron_folic,B26006,14586,2027-05-22,2026-08-17,simulated
f_br_044,d_iron_folic,B25004,22356,2027-12-31,2026-08-17,simulated
f_br_044,d_iron_folic,B26005,37907,2028-07-27,2026-08-17,simulated
f_br_044,d_measles_rubella,E26006,14,2027-01-03,2026-08-17,simulated
f_br_044,d_measles_rubella,B26007,23,2027-01-25,2026-08-17,simulated
f_br_044,d_measles_rubella,B26008,34,2027-08-29,2026-08-17,simulated
f_br_044,d_insulin,B26004,87,2027-11-08,2026-08-17,simulated
f_br_044,d_amlodipine,E26004,11407,2028-01-23,2026-08-17,simulated
f_br_044,d_paracetamol,B26009,2163,2027-04-21,2026-08-17,simulated
f_br_044,d_paracetamol,E26008,5445,2027-10-02,2026-08-17,simulated
f_br_045,d_al_fdc,B26007,1579,2027-11-04,2026-08-17,simulated
f_br_045,d_asv,B26008,17,2027-07-16,2026-08-17,simulated
f_br_045,d_asv,E26007,45,2027-09-30,2026-08-17,simulated
f_br_045,d_ors,B26004,2280,2027-12-04,2026-08-17,simulated
f_br_045,d_ors,B26003,4381,2028-06-30,2026-08-17,simulated
f_br_045,d_ceftriaxone,B26007,128,2027-11-05,2026-08-17,simulated
f_br_045,d_salbutamol,E26006,114,2027-09-30,2026-08-17,simulated
f_br_045,d_rhz_fdc,B26005,45,2027-04-23,2026-08-17,simulated
f_br_045,d_oxytocin,B25002,114,2026-09-27,2026-08-17,simulated
f_br_045,d_oxytocin,B25003,276,2026-12-23,2026-08-17,simulated
f_br_045,d_oxytocin,B26004,111,2027-04-19,2026-08-17,simulated
f_br_045,d_oxytocin,B26005,122,2027-06-26,2026-08-17,simulated
f_br_045,d_magnesium_sulfate,B26006,41,2027-11-12,2026-08-17,simulated
f_br_045,d_iron_folic,B25002,12732,2027-12-19,2026-08-17,simulated
f_br_045,d_iron_folic,B26005,32784,2027-12-27,2026-08-17,simulated
f_br_045,d_iron_folic,B26007,23454,2028-09-05,2026-08-17,simulated
f_br_045,d_measles_rubella,E26005,10,2027-03-04,2026-08-17,simulated
f_br_045,d_measles_rubella,B26006,53,2027-04-26,2026-08-17,simulated
f_br_045,d_insulin,B26006,180,2027-06-15,2026-08-17,simulated
f_br_045,d_insulin,E26005,67,2028-01-09,2026-08-17,simulated
f_br_045,d_metformin,B26007,16522,2027-10-11,2026-08-17,simulated
f_br_045,d_metformin,B26004,22486,2028-03-11,2026-08-17,simulated
f_br_045,d_metformin,B26005,37699,2028-06-07,2026-08-17,simulated
f_br_045,d_metformin,B26006,32926,2028-06-12,2026-08-17,simulated
f_br_045,d_amlodipine,B26007,39529,2028-03-22,2026-08-17,simulated
f_br_045,d_amlodipine,B26006,1248,2028-06-11,2026-08-17,simulated
f_br_045,d_paracetamol,E26007,4527,2028-02-02,2026-08-17,simulated
f_br_046,d_al_fdc,E26007,339,2027-04-30,2026-08-17,simulated
f_br_046,d_al_fdc,B26008,1071,2027-07-27,2026-08-17,simulated
f_br_046,d_asv,E26009,12,2027-08-09,2026-08-17,simulated
f_br_046,d_ors,B26008,866,2027-03-02,2026-08-17,simulated
f_br_046,d_amoxicillin,B25004,15984,2026-11-09,2026-08-17,simulated
f_br_046,d_amoxicillin,B26005,28175,2027-03-08,2026-08-17,simulated
f_br_046,d_ceftriaxone,B26003,348,2027-08-21,2026-08-17,simulated
f_br_046,d_salbutamol,B25002,373,2027-04-26,2026-08-17,simulated
f_br_046,d_rhz_fdc,B26006,355,2028-01-03,2026-08-17,simulated
f_br_046,d_oxytocin,E26010,16,2027-09-07,2026-08-17,simulated
f_br_046,d_oxytocin,B26011,7,2027-11-18,2026-08-17,simulated
f_br_046,d_magnesium_sulfate,E26009,29,2028-03-04,2026-08-17,simulated
f_br_046,d_iron_folic,E26011,4434,2028-05-07,2026-08-17,simulated
f_br_046,d_measles_rubella,E26006,43,2027-07-21,2026-08-17,simulated
f_br_046,d_metformin,B26008,21119,2027-07-20,2026-08-17,simulated
f_br_046,d_amlodipine,B26006,23083,2027-07-07,2026-08-17,simulated
f_br_046,d_paracetamol,B26003,4935,2027-01-15,2026-08-17,simulated
f_br_046,d_paracetamol,B26004,17361,2027-09-04,2026-08-17,simulated
f_br_046,d_paracetamol,B25001,31797,2027-10-29,2026-08-17,simulated
f_br_047,d_al_fdc,E26006,229,2027-02-15,2026-08-17,simulated
f_br_047,d_al_fdc,B26007,644,2027-12-24,2026-08-17,simulated
f_br_047,d_asv,E26006,15,2027-04-21,2026-08-17,simulated
f_br_047,d_asv,B26007,28,2028-01-22,2026-08-17,simulated
f_br_047,d_ors,B26007,168,2027-12-02,2026-08-17,simulated
f_br_047,d_ors,B26006,1846,2028-04-16,2026-08-17,simulated
f_br_047,d_amoxicillin,B26009,5886,2027-03-09,2026-08-17,simulated
f_br_047,d_amoxicillin,B26008,320,2027-11-08,2026-08-17,simulated
f_br_047,d_ceftriaxone,B26005,642,2027-10-06,2026-08-17,simulated
f_br_047,d_salbutamol,B26008,77,2027-07-15,2026-08-17,simulated
f_br_047,d_salbutamol,B26007,106,2027-09-04,2026-08-17,simulated
f_br_047,d_rhz_fdc,B26009,277,2027-09-08,2026-08-17,simulated
f_br_047,d_oxytocin,B26005,36,2027-07-24,2026-08-17,simulated
f_br_047,d_oxytocin,B26004,56,2027-11-01,2026-08-17,simulated
f_br_047,d_magnesium_sulfate,B25001,150,2027-05-01,2026-08-17,simulated
f_br_047,d_magnesium_sulfate,B25003,70,2027-06-15,2026-08-17,simulated
f_br_047,d_magnesium_sulfate,B26006,114,2027-10-01,2026-08-17,simulated
f_br_047,d_magnesium_sulfate,B26007,95,2027-11-10,2026-08-17,simulated
f_br_047,d_magnesium_sulfate,B26008,53,2028-02-16,2026-08-17,simulated
f_br_047,d_iron_folic,B26006,23564,2028-10-05,2026-08-17,simulated
f_br_047,d_measles_rubella,B25004,72,2027-01-12,2026-08-17,simulated
f_br_047,d_measles_rubella,B26006,89,2027-02-01,2026-08-17,simulated
f_br_047,d_measles_rubella,B26005,76,2027-05-01,2026-08-17,simulated
f_br_047,d_insulin,B26009,63,2027-07-20,2026-08-17,simulated
f_br_047,d_metformin,B26006,11856,2027-10-20,2026-08-17,simulated
f_br_047,d_metformin,B26005,11468,2028-03-07,2026-08-17,simulated
f_br_047,d_amlodipine,B26006,44872,2028-02-11,2026-08-17,simulated
f_br_047,d_paracetamol,B26006,12269,2027-09-10,2026-08-17,simulated
f_br_047,d_paracetamol,B26005,1571,2028-06-29,2026-08-17,simulated
f_br_048,d_al_fdc,B26006,2509,2027-02-28,2026-08-17,simulated
f_br_048,d_al_fdc,B26007,2122,2027-04-01,2026-08-17,simulated
f_br_048,d_al_fdc,E26005,122,2027-09-14,2026-08-17,simulated
f_br_048,d_asv,B26004,87,2027-05-19,2026-08-17,simulated
f_br_048,d_ors,E26007,778,2027-09-19,2026-08-17,simulated
f_br_048,d_ors,B26009,293,2027-11-11,2026-08-17,simulated
f_br_048,d_amoxicillin,B26006,12922,2027-02-26,2026-08-17,simulated
f_br_048,d_amoxicillin,B26005,7652,2027-08-19,2026-08-17,simulated
f_br_048,d_ceftriaxone,B26005,317,2027-02-08,2026-08-17,simulated
f_br_048,d_salbutamol,E26006,83,2027-05-06,2026-08-17,simulated
f_br_048,d_salbutamol,B26007,143,2027-11-11,2026-08-17,simulated
f_br_048,d_rhz_fdc,E26007,217,2027-06-03,2026-08-17,simulated
f_br_048,d_oxytocin,B25002,300,2026-08-26,2026-08-17,simulated
f_br_048,d_oxytocin,B26003,121,2026-12-30,2026-08-17,simulated
f_br_048,d_oxytocin,B26004,146,2027-06-07,2026-08-17,simulated
f_br_048,d_magnesium_sulfate,B26004,45,2028-06-17,2026-08-17,simulated
f_br_048,d_magnesium_sulfate,B26003,46,2028-07-10,2026-08-17,simulated
f_br_048,d_iron_folic,E26007,2160,2028-10-08,2026-08-17,simulated
f_br_048,d_measles_rubella,B26008,41,2026-11-10,2026-08-17,simulated
f_br_048,d_measles_rubella,B26009,29,2027-05-18,2026-08-17,simulated
f_br_048,d_insulin,E26004,56,2027-03-29,2026-08-17,simulated
f_br_048,d_metformin,B26008,18227,2027-03-20,2026-08-17,simulated
f_br_048,d_metformin,B26006,469,2027-09-27,2026-08-17,simulated
f_br_048,d_metformin,B26007,25870,2028-07-31,2026-08-17,simulated
f_br_048,d_amlodipine,B26006,48745,2028-04-19,2026-08-17,simulated
f_br_048,d_paracetamol,E26007,4878,2027-12-10,2026-08-17,simulated
f_br_049,d_al_fdc,B25003,886,2026-10-31,2026-08-17,simulated
f_br_049,d_al_fdc,B26004,5871,2027-05-06,2026-08-17,simulated
f_br_049,d_asv,B26009,17,2027-09-29,2026-08-17,simulated
f_br_049,d_asv,B26008,21,2027-11-28,2026-08-17,simulated
f_br_049,d_ors,B26006,606,2027-03-25,2026-08-17,simulated
f_br_049,d_ors,E26005,376,2027-09-14,2026-08-17,simulated
f_br_049,d_amoxicillin,B26009,8973,2027-03-09,2026-08-17,simulated
f_br_049,d_amoxicillin,B26008,6452,2027-05-27,2026-08-17,simulated
f_br_049,d_ceftriaxone,B26007,13,2027-09-29,2026-08-17,simulated
f_br_049,d_rhz_fdc,B25001,729,2026-09-02,2026-08-17,simulated
f_br_049,d_rhz_fdc,B26005,247,2026-12-05,2026-08-17,simulated
f_br_049,d_rhz_fdc,B26004,219,2027-04-11,2026-08-17,simulated
f_br_049,d_rhz_fdc,B25002,174,2027-04-25,2026-08-17,simulated
f_br_049,d_rhz_fdc,B26007,211,2027-08-07,2026-08-17,simulated
f_br_049,d_rhz_fdc,B26006,170,2027-10-15,2026-08-17,simulated
f_br_049,d_oxytocin,B26006,94,2027-04-28,2026-08-17,simulated
f_br_049,d_magnesium_sulfate,B25001,2,2027-09-19,2026-08-17,simulated
f_br_049,d_magnesium_sulfate,B25003,38,2027-10-26,2026-08-17,simulated
f_br_049,d_magnesium_sulfate,B26005,36,2028-01-28,2026-08-17,simulated
f_br_049,d_magnesium_sulfate,B26006,41,2028-06-04,2026-08-17,simulated
f_br_049,d_iron_folic,B26005,12026,2028-01-16,2026-08-17,simulated
f_br_049,d_measles_rubella,E26008,47,2027-06-01,2026-08-17,simulated
f_br_049,d_insulin,E26009,19,2027-10-20,2026-08-17,simulated
f_br_049,d_amlodipine,E26008,11436,2027-10-30,2026-08-17,simulated
f_br_049,d_amlodipine,B26009,23622,2028-11-10,2026-08-17,simulated
f_br_049,d_paracetamol,E26005,2205,2028-03-06,2026-08-17,simulated
f_br_050,d_al_fdc,E26004,64,2026-12-03,2026-08-17,simulated
f_br_050,d_al_fdc,B26006,3708,2027-08-14,2026-08-17,simulated
f_br_050,d_asv,E26008,6,2027-10-01,2026-08-17,simulated
f_br_050,d_ors,E26006,928,2028-07-01,2026-08-17,simulated
f_br_050,d_amoxicillin,B26005,19074,2027-08-04,2026-08-17,simulated
f_br_050,d_ceftriaxone,B25004,654,2027-05-29,2026-08-17,simulated
f_br_050,d_ceftriaxone,B26006,662,2027-09-25,2026-08-17,simulated
f_br_050,d_rhz_fdc,E26007,92,2027-03-03,2026-08-17,simulated
f_br_050,d_oxytocin,E26006,32,2027-08-29,2026-08-17,simulated
f_br_050,d_magnesium_sulfate,B26009,20,2027-08-08,2026-08-17,simulated
f_br_050,d_magnesium_sulfate,B25004,49,2027-09-29,2026-08-17,simulated
f_br_050,d_magnesium_sulfate,B25002,64,2027-10-13,2026-08-17,simulated
f_br_050,d_magnesium_sulfate,B26008,47,2028-03-31,2026-08-17,simulated
f_br_050,d_iron_folic,B26004,25881,2028-04-09,2026-08-17,simulated
f_br_050,d_iron_folic,B26005,53866,2028-09-17,2026-08-17,simulated
f_br_050,d_measles_rubella,B26009,11,2026-11-23,2026-08-17,simulated
f_br_050,d_measles_rubella,E26008,36,2027-01-29,2026-08-17,simulated
f_br_050,d_measles_rubella,B26010,25,2027-09-25,2026-08-17,simulated
f_br_050,d_metformin,B26007,26201,2028-03-01,2026-08-17,simulated
f_br_050,d_amlodipine,B26010,17642,2027-10-04,2026-08-17,simulated
f_br_050,d_amlodipine,B26007,2113,2028-06-07,2026-08-17,simulated
f_br_050,d_paracetamol,B26006,7408,2027-09-27,2026-08-17,simulated
f_br_050,d_paracetamol,B26007,8226,2027-12-13,2026-08-17,simulated
f_br_051,d_al_fdc,B26007,1712,2027-02-14,2026-08-17,simulated
f_br_051,d_al_fdc,B26006,1046,2027-04-21,2026-08-17,simulated
f_br_051,d_al_fdc,B26005,779,2027-09-06,2026-08-17,simulated
f_br_051,d_asv,E26008,14,2027-07-01,2026-08-17,simulated
f_br_051,d_ors,B26008,778,2027-11-13,2026-08-17,simulated
f_br_051,d_ors,B26007,553,2028-07-31,2026-08-17,simulated
f_br_051,d_amoxicillin,E26006,5012,2027-08-31,2026-08-17,simulated
f_br_051,d_ceftriaxone,B26009,338,2027-05-07,2026-08-17,simulated
f_br_051,d_salbutamol,B26004,14,2027-08-12,2026-08-17,simulated
f_br_051,d_magnesium_sulfate,B26004,38,2028-08-05,2026-08-17,simulated
f_br_051,d_iron_folic,B26004,14725,2027-02-01,2026-08-17,simulated
f_br_051,d_iron_folic,B25002,2182,2027-06-24,2026-08-17,simulated
f_br_051,d_iron_folic,B25003,30083,2027-12-31,2026-08-17,simulated
f_br_051,d_measles_rubella,B26008,74,2026-12-13,2026-08-17,simulated
f_br_051,d_measles_rubella,B26007,17,2027-07-06,2026-08-17,simulated
f_br_051,d_insulin,E26008,78,2027-12-28,2026-08-17,simulated
f_br_051,d_metformin,B26006,4785,2027-11-29,2026-08-17,simulated
f_br_051,d_amlodipine,B26005,43394,2027-09-30,2026-08-17,simulated
f_br_051,d_paracetamol,B26008,1749,2027-05-11,2026-08-17,simulated
f_br_051,d_paracetamol,B26007,8857,2027-10-11,2026-08-17,simulated
f_br_051,d_paracetamol,B26006,3868,2028-03-21,2026-08-17,simulated
f_br_052,d_al_fdc,B26005,1680,2026-12-22,2026-08-17,simulated
f_br_052,d_al_fdc,E26004,630,2027-02-20,2026-08-17,simulated
f_br_052,d_al_fdc,B26006,3426,2027-06-20,2026-08-17,simulated
f_br_052,d_asv,B26010,18,2027-05-09,2026-08-17,simulated
f_br_052,d_asv,B26009,5,2027-11-12,2026-08-17,simulated
f_br_052,d_ors,B26007,112,2027-08-13,2026-08-17,simulated
f_br_052,d_ors,B26008,558,2027-12-07,2026-08-17,simulated
f_br_052,d_amoxicillin,B25002,12087,2027-02-24,2026-08-17,simulated
f_br_052,d_amoxicillin,B26005,13415,2027-09-17,2026-08-17,simulated
f_br_052,d_salbutamol,E26005,28,2028-01-20,2026-08-17,simulated
f_br_052,d_rhz_fdc,B26008,10,2027-12-30,2026-08-17,simulated
f_br_052,d_oxytocin,B26005,31,2027-01-19,2026-08-17,simulated
f_br_052,d_oxytocin,B26006,61,2028-01-03,2026-08-17,simulated
f_br_052,d_magnesium_sulfate,E26008,16,2027-07-17,2026-08-17,simulated
f_br_052,d_iron_folic,B26009,441,2028-05-23,2026-08-17,simulated
f_br_052,d_measles_rubella,B26005,45,2027-05-12,2026-08-17,simulated
f_br_052,d_insulin,E26008,61,2027-09-04,2026-08-17,simulated
f_br_052,d_metformin,B25001,5407,2027-04-10,2026-08-17,simulated
f_br_052,d_metformin,B26005,28576,2027-07-26,2026-08-17,simulated
f_br_052,d_metformin,B25003,24283,2027-09-19,2026-08-17,simulated
f_br_052,d_amlodipine,B-OPEN,1279,2027-10-26,2026-08-17,simulated
f_br_052,d_amlodipine,B26004,24109,2028-06-24,2026-08-17,simulated
f_br_052,d_paracetamol,B26005,11511,2028-02-20,2026-08-17,simulated
f_br_052,d_paracetamol,B26006,5831,2028-04-01,2026-08-17,simulated
f_br_052,d_paracetamol,E26004,2486,2028-06-02,2026-08-17,simulated
f_br_053,d_al_fdc,B26009,1179,2027-07-27,2026-08-17,simulated
f_br_053,d_al_fdc,E26007,1290,2027-11-07,2026-08-17,simulated
f_br_053,d_asv,B26005,107,2027-09-17,2026-08-17,simulated
f_br_053,d_ors,E26005,158,2027-04-13,2026-08-17,simulated
f_br_053,d_ors,B26008,1509,2027-07-14,2026-08-17,simulated
f_br_053,d_ors,B26007,1400,2027-10-26,2026-08-17,simulated
f_br_053,d_salbutamol,E26007,122,2027-06-01,2026-08-17,simulated
f_br_053,d_rhz_fdc,B26008,41,2027-11-17,2026-08-17,simulated
f_br_053,d_rhz_fdc,B26007,188,2027-11-25,2026-08-17,simulated
f_br_053,d_oxytocin,B26004,50,2026-12-29,2026-08-17,simulated
f_br_053,d_magnesium_sulfate,B26006,36,2027-03-26,2026-08-17,simulated
f_br_053,d_magnesium_sulfate,B-OPEN,52,2027-08-31,2026-08-17,simulated
f_br_053,d_magnesium_sulfate,B25002,54,2027-10-15,2026-08-17,simulated
f_br_053,d_magnesium_sulfate,B26005,63,2027-12-20,2026-08-17,simulated
f_br_053,d_iron_folic,B26009,20741,2028-10-10,2026-08-17,simulated
f_br_053,d_measles_rubella,B26004,64,2026-11-04,2026-08-17,simulated
f_br_053,d_measles_rubella,B26003,58,2026-11-27,2026-08-17,simulated
f_br_053,d_insulin,B26004,112,2027-10-17,2026-08-17,simulated
f_br_053,d_metformin,B26007,12625,2027-02-24,2026-08-17,simulated
f_br_053,d_metformin,B26006,23843,2027-09-21,2026-08-17,simulated
f_br_053,d_amlodipine,B26007,11017,2027-04-04,2026-08-17,simulated
f_br_053,d_amlodipine,B25003,24889,2027-08-14,2026-08-17,simulated
f_br_053,d_amlodipine,B-OPEN,56940,2027-10-22,2026-08-17,simulated
f_br_053,d_amlodipine,B26008,29461,2028-06-08,2026-08-17,simulated
f_br_053,d_paracetamol,B26007,6917,2027-07-30,2026-08-17,simulated
f_br_053,d_paracetamol,B26005,669,2028-04-06,2026-08-17,simulated
f_br_053,d_paracetamol,B26006,20528,2028-07-02,2026-08-17,simulated
f_br_054,d_al_fdc,E26007,661,2027-06-26,2026-08-17,simulated
f_br_054,d_al_fdc,B26008,758,2027-09-25,2026-08-17,simulated
f_br_054,d_al_fdc,B26009,576,2028-02-23,2026-08-17,simulated
f_br_054,d_asv,B26008,3,2028-01-07,2026-08-17,simulated
f_br_054,d_ors,B26007,609,2028-02-10,2026-08-17,simulated
f_br_054,d_ors,B26008,640,2028-08-05,2026-08-17,simulated
f_br_054,d_amoxicillin,B26005,701,2026-11-02,2026-08-17,simulated
f_br_054,d_amoxicillin,B26006,14545,2027-03-08,2026-08-17,simulated
f_br_054,d_amoxicillin,B25003,22134,2027-03-29,2026-08-17,simulated
f_br_054,d_salbutamol,B26007,54,2027-03-20,2026-08-17,simulated
f_br_054,d_salbutamol,B26008,98,2027-05-28,2026-08-17,simulated
f_br_054,d_salbutamol,B25005,70,2027-06-01,2026-08-17,simulated
f_br_054,d_rhz_fdc,E26011,146,2027-12-28,2026-08-17,simulated
f_br_054,d_oxytocin,B26007,1,2027-04-28,2026-08-17,simulated
f_br_054,d_magnesium_sulfate,B26008,14,2027-08-22,2026-08-17,simulated
f_br_054,d_iron_folic,E26010,9316,2028-10-15,2026-08-17,simulated
f_br_054,d_measles_rubella,E26006,7,2027-01-06,2026-08-17,simulated
f_br_054,d_measles_rubella,B26007,42,2027-04-16,2026-08-17,simulated
f_br_054,d_insulin,B-OPEN,162,2026-11-22,2026-08-17,simulated
f_br_054,d_insulin,B25004,101,2027-01-16,2026-08-17,simulated
f_br_054,d_amlodipine,B26009,12542,2028-01-05,2026-08-17,simulated
f_br_054,d_amlodipine,B26008,15460,2028-01-16,2026-08-17,simulated
f_br_054,d_paracetamol,B26004,17406,2028-01-06,2026-08-17,simulated
f_br_055,d_al_fdc,B26007,1927,2027-08-27,2026-08-17,simulated
f_br_055,d_al_fdc,B26008,1362,2027-11-06,2026-08-17,simulated
f_br_055,d_al_fdc,B26009,455,2028-02-11,2026-08-17,simulated
f_br_055,d_asv,B26004,74,2026-09-21,2026-08-17,simulated
f_br_055,d_asv,B25003,49,2027-06-03,2026-08-17,simulated
f_br_055,d_asv,B26005,86,2027-06-14,2026-08-17,simulated
f_br_055,d_ors,B26009,314,2027-10-12,2026-08-17,simulated
f_br_055,d_ors,E26008,26,2028-05-20,2026-08-17,simulated
f_br_055,d_amoxicillin,B26008,17028,2027-05-19,2026-08-17,simulated
f_br_055,d_amoxicillin,B26005,6799,2027-07-18,2026-08-17,simulated
f_br_055,d_ceftriaxone,B26008,885,2027-03-26,2026-08-17,simulated
f_br_055,d_salbutamol,B26006,56,2027-05-26,2026-08-17,simulated
f_br_055,d_rhz_fdc,E26009,260,2027-07-29,2026-08-17,simulated
f_br_055,d_oxytocin,E26008,86,2027-11-11,2026-08-17,simulated
f_br_055,d_magnesium_sulfate,B26004,54,2028-02-26,2026-08-17,simulated
f_br_055,d_measles_rubella,B26008,2,2027-07-27,2026-08-17,simulated
f_br_055,d_metformin,B25003,31065,2027-06-15,2026-08-17,simulated
f_br_055,d_metformin,B26005,40894,2027-11-21,2026-08-17,simulated
f_br_055,d_amlodipine,E26005,22381,2027-06-21,2026-08-17,simulated
f_br_055,d_amlodipine,B26007,41470,2027-10-10,2026-08-17,simulated
f_br_055,d_paracetamol,B26008,3689,2027-05-13,2026-08-17,simulated
f_br_056,d_al_fdc,E26008,583,2027-05-16,2026-08-17,simulated
f_br_056,d_asv,B26007,21,2027-05-21,2026-08-17,simulated
f_br_056,d_asv,B26006,13,2027-06-19,2026-08-17,simulated
f_br_056,d_asv,B26005,38,2027-09-30,2026-08-17,simulated
f_br_056,d_ors,B26005,166,2028-01-20,2026-08-17,simulated
f_br_056,d_ors,B25004,1225,2028-02-16,2026-08-17,simulated
f_br_056,d_ors,B26006,2042,2028-08-23,2026-08-17,simulated
f_br_056,d_amoxicillin,B26009,1643,2027-01-16,2026-08-17,simulated
f_br_056,d_amoxicillin,E26008,5354,2027-07-06,2026-08-17,simulated
f_br_056,d_ceftriaxone,E26009,141,2027-03-08,2026-08-17,simulated
f_br_056,d_salbutamol,B26007,38,2027-02-14,2026-08-17,simulated
f_br_056,d_salbutamol,B25003,243,2027-02-25,2026-08-17,simulated
f_br_056,d_salbutamol,B26006,47,2027-04-22,2026-08-17,simulated
f_br_056,d_salbutamol,B26005,194,2027-06-10,2026-08-17,simulated
f_br_056,d_salbutamol,B26008,232,2027-11-01,2026-08-17,simulated
f_br_056,d_oxytocin,B26005,48,2027-04-25,2026-08-17,simulated
f_br_056,d_magnesium_sulfate,B26005,30,2027-10-24,2026-08-17,simulated
f_br_056,d_iron_folic,B26005,11937,2027-07-29,2026-08-17,simulated
f_br_056,d_iron_folic,B26004,7550,2027-12-16,2026-08-17,simulated
f_br_056,d_iron_folic,B25002,6207,2028-01-12,2026-08-17,simulated
f_br_056,d_iron_folic,B25003,20253,2028-03-31,2026-08-17,simulated
f_br_056,d_measles_rubella,B26006,67,2027-03-10,2026-08-17,simulated
f_br_056,d_insulin,B26009,88,2027-01-28,2026-08-17,simulated
f_br_056,d_metformin,E26007,10,2028-04-12,2026-08-17,simulated
f_br_056,d_metformin,B26008,22325,2028-05-28,2026-08-17,simulated
f_br_056,d_paracetamol,E26004,2733,2027-07-20,2026-08-17,simulated
f_br_056,d_paracetamol,B26005,24117,2028-07-25,2026-08-17,simulated
f_br_057,d_al_fdc,E26006,1096,2027-04-28,2026-08-17,simulated
f_br_057,d_al_fdc,B26007,4068,2027-08-07,2026-08-17,simulated
f_br_057,d_asv,B26008,20,2027-07-19,2026-08-17,simulated
f_br_057,d_ors,B26006,2103,2027-12-25,2026-08-17,simulated
f_br_057,d_amoxicillin,B26006,5283,2027-02-16,2026-08-17,simulated
f_br_057,d_amoxicillin,E26005,4081,2027-10-16,2026-08-17,simulated
f_br_057,d_salbutamol,B26006,2,2027-05-01,2026-08-17,simulated
f_br_057,d_rhz_fdc,B26007,24,2027-01-27,2026-08-17,simulated
f_br_057,d_magnesium_sulfate,E26007,39,2027-11-02,2026-08-17,simulated
f_br_057,d_iron_folic,E26009,6599,2027-10-08,2026-08-17,simulated
f_br_057,d_iron_folic,B26010,3148,2027-11-08,2026-08-17,simulated
f_br_057,d_measles_rubella,E26008,4,2027-06-13,2026-08-17,simulated
f_br_057,d_insulin,B26006,273,2028-01-10,2026-08-17,simulated
f_br_057,d_metformin,B26004,19949,2028-05-20,2026-08-17,simulated
f_br_057,d_paracetamol,E26008,4269,2028-04-12,2026-08-17,simulated
f_za_059,d_al_fdc,B26007,7251,2027-02-02,2026-08-17,simulated
f_za_059,d_al_fdc,B26006,48744,2027-08-16,2026-08-17,simulated
f_za_059,d_al_fdc,B26005,15980,2027-09-25,2026-08-17,simulated
f_za_059,d_asv,E26009,210,2028-01-22,2026-08-17,simulated
f_za_059,d_ors,B26004,41914,2027-09-09,2026-08-17,simulated
f_za_059,d_ors,B26005,36444,2027-11-21,2026-08-17,simulated
f_za_059,d_ors,B25003,42506,2028-01-04,2026-08-17,simulated
f_za_059,d_amoxicillin,B26008,204986,2027-05-25,2026-08-17,simulated
f_za_059,d_ceftriaxone,B25002,1573,2026-12-29,2026-08-17,simulated
f_za_059,d_ceftriaxone,B26005,5391,2027-05-20,2026-08-17,simulated
f_za_059,d_salbutamol,B26005,1488,2027-11-29,2026-08-17,simulated
f_za_059,d_rhz_fdc,B26005,45693,2027-07-27,2026-08-17,simulated
f_za_059,d_oxytocin,B26007,2091,2027-07-24,2026-08-17,simulated
f_za_059,d_oxytocin,B26009,2161,2027-08-01,2026-08-17,simulated
f_za_059,d_magnesium_sulfate,B25003,1299,2028-02-16,2026-08-17,simulated
f_za_059,d_magnesium_sulfate,B26005,1201,2028-07-24,2026-08-17,simulated
f_za_059,d_measles_rubella,B26008,193,2027-01-12,2026-08-17,simulated
f_za_059,d_measles_rubella,E26007,336,2027-04-02,2026-08-17,simulated
f_za_059,d_insulin,E26010,1365,2027-03-23,2026-08-17,simulated
f_za_059,d_amlodipine,B26004,1047820,2027-01-08,2026-08-17,simulated
f_za_059,d_amlodipine,B25003,767301,2027-05-21,2026-08-17,simulated
f_za_059,d_amlodipine,E25002,281420,2027-07-10,2026-08-17,simulated
f_za_059,d_paracetamol,E26010,82729,2027-12-17,2026-08-17,simulated
f_za_059,d_paracetamol,B26011,43399,2028-09-10,2026-08-17,simulated
f_za_060,d_al_fdc,B26007,19058,2026-12-17,2026-08-17,simulated
f_za_060,d_al_fdc,B25005,765,2027-02-20,2026-08-17,simulated
f_za_060,d_al_fdc,B26008,5347,2028-01-03,2026-08-17,simulated
f_za_060,d_asv,B26005,42,2026-11-27,2026-08-17,simulated
f_za_060,d_ors,E26006,1464,2027-08-10,2026-08-17,simulated
f_za_060,d_amoxicillin,B26005,119523,2027-06-19,2026-08-17,simulated
f_za_060,d_ceftriaxone,E26009,1615,2028-01-23,2026-08-17,simulated
f_za_060,d_rhz_fdc,B26007,275,2027-04-01,2026-08-17,simulated
f_za_060,d_rhz_fdc,B26006,7796,2027-06-06,2026-08-17,simulated
f_za_060,d_rhz_fdc,B26005,9665,2027-07-20,2026-08-17,simulated
f_za_060,d_oxytocin,E26010,308,2028-02-20,2026-08-17,simulated
f_za_060,d_magnesium_sulfate,B25001,107,2027-06-07,2026-08-17,simulated
f_za_060,d_magnesium_sulfate,B26005,346,2027-07-12,2026-08-17,simulated
f_za_060,d_magnesium_sulfate,B26004,269,2027-08-03,2026-08-17,simulated
f_za_060,d_iron_folic,B26006,28330,2027-12-17,2026-08-17,simulated
f_za_060,d_iron_folic,B26005,139868,2028-04-05,2026-08-17,simulated
f_za_060,d_measles_rubella,E26007,41,2027-01-19,2026-08-17,simulated
f_za_060,d_insulin,E26009,70,2027-03-03,2026-08-17,simulated
f_za_060,d_insulin,B26010,176,2027-05-11,2026-08-17,simulated
f_za_060,d_metformin,B26006,26113,2027-11-04,2026-08-17,simulated
f_za_060,d_metformin,B25005,36411,2028-01-29,2026-08-17,simulated
f_za_060,d_metformin,B25004,74660,2028-03-16,2026-08-17,simulated
f_za_060,d_metformin,B26007,55952,2028-09-16,2026-08-17,simulated
f_za_060,d_amlodipine,B26006,191146,2028-01-05,2026-08-17,simulated
f_za_060,d_amlodipine,B26004,184373,2028-06-11,2026-08-17,simulated
f_za_060,d_paracetamol,B26005,85972,2027-04-28,2026-08-17,simulated
f_za_060,d_paracetamol,E26004,39165,2028-05-24,2026-08-17,simulated
f_za_061,d_al_fdc,E26006,7619,2027-09-29,2026-08-17,simulated
f_za_061,d_asv,B26003,54,2026-11-15,2026-08-17,simulated
f_za_061,d_asv,B-OPEN,65,2027-01-07,2026-08-17,simulated
f_za_061,d_asv,B25002,39,2027-02-08,2026-08-17,simulated
f_za_061,d_asv,B26004,172,2027-05-10,2026-08-17,simulated
f_za_061,d_ors,E26007,6266,2027-10-09,2026-08-17,simulated
f_za_061,d_amoxicillin,E26011,21720,2028-01-15,2026-08-17,simulated
f_za_061,d_ceftriaxone,B26008,3709,2027-04-02,2026-08-17,simulated
f_za_061,d_ceftriaxone,E26007,2008,2027-06-16,2026-08-17,simulated
f_za_061,d_rhz_fdc,B26006,11279,2027-03-31,2026-08-17,simulated
f_za_061,d_rhz_fdc,E26005,854,2027-06-10,2026-08-17,simulated
f_za_061,d_oxytocin,B26007,365,2027-07-19,2026-08-17,simulated
f_za_061,d_oxytocin,B26006,4,2027-11-04,2026-08-17,simulated
f_za_061,d_magnesium_sulfate,B26006,566,2027-04-27,2026-08-17,simulated
f_za_061,d_magnesium_sulfate,B26005,184,2027-09-01,2026-08-17,simulated
f_za_061,d_magnesium_sulfate,B25002,448,2027-11-24,2026-08-17,simulated
f_za_061,d_iron_folic,B26006,81149,2028-02-16,2026-08-17,simulated
f_za_061,d_measles_rubella,E26007,126,2027-03-03,2026-08-17,simulated
f_za_061,d_measles_rubella,B26008,88,2027-09-07,2026-08-17,simulated
f_za_061,d_insulin,B26007,200,2027-03-23,2026-08-17,simulated
f_za_061,d_insulin,B26006,57,2027-04-16,2026-08-17,simulated
f_za_061,d_insulin,B26005,622,2027-07-24,2026-08-17,simulated
f_za_061,d_amlodipine,B26008,110362,2028-10-11,2026-08-17,simulated
f_za_061,d_paracetamol,B26009,10132,2027-05-01,2026-08-17,simulated
f_za_061,d_paracetamol,E26008,22870,2028-06-30,2026-08-17,simulated
f_za_062,d_al_fdc,B26009,11617,2026-11-14,2026-08-17,simulated
f_za_062,d_al_fdc,E26007,4122,2027-05-06,2026-08-17,simulated
f_za_062,d_asv,E26008,40,2027-02-12,2026-08-17,simulated
f_za_062,d_ors,B26006,13427,2028-01-24,2026-08-17,simulated
f_za_062,d_ceftriaxone,B26005,3965,2027-06-25,2026-08-17,simulated
f_za_062,d_ceftriaxone,E26004,1510,2027-11-04,2026-08-17,simulated
f_za_062,d_salbutamol,E26009,301,2027-04-28,2026-08-17,simulated
f_za_062,d_rhz_fdc,B26004,2516,2027-02-10,2026-08-17,simulated
f_za_062,d_rhz_fdc,B26006,14728,2027-06-25,2026-08-17,simulated
f_za_062,d_oxytocin,E26010,241,2027-03-11,2026-08-17,simulated
f_za_062,d_magnesium_sulfate,E26008,24,2028-01-27,2026-08-17,simulated
f_za_062,d_iron_folic,B26005,29927,2027-06-13,2026-08-17,simulated
f_za_062,d_iron_folic,B25002,11742,2027-11-21,2026-08-17,simulated
f_za_062,d_iron_folic,B26004,141166,2028-01-09,2026-08-17,simulated
f_za_062,d_measles_rubella,B25003,60,2026-12-28,2026-08-17,simulated
f_za_062,d_measles_rubella,B26005,602,2027-09-06,2026-08-17,simulated
f_za_062,d_insulin,B26009,165,2027-09-02,2026-08-17,simulated
f_za_062,d_metformin,B26009,13265,2027-04-20,2026-08-17,simulated
f_za_062,d_amlodipine,B26006,87439,2028-11-08,2026-08-17,simulated
f_za_062,d_paracetamol,B26005,670,2026-12-04,2026-08-17,simulated
f_za_062,d_paracetamol,B26006,37086,2027-06-10,2026-08-17,simulated
f_za_063,d_al_fdc,B26007,1410,2027-08-29,2026-08-17,simulated
f_za_063,d_ors,B26005,2073,2027-08-27,2026-08-17,simulated
f_za_063,d_amoxicillin,B26007,2871,2027-11-12,2026-08-17,simulated
f_za_063,d_salbutamol,E26007,1,2027-04-03,2026-08-17,simulated
f_za_063,d_salbutamol,B26008,123,2027-04-18,2026-08-17,simulated
f_za_063,d_rhz_fdc,B26008,786,2027-06-18,2026-08-17,simulated
f_za_063,d_oxytocin,B25001,196,2026-09-26,2026-08-17,simulated
f_za_063,d_oxytocin,B26006,206,2026-12-28,2026-08-17,simulated
f_za_063,d_oxytocin,B26005,175,2027-01-31,2026-08-17,simulated
f_za_063,d_magnesium_sulfate,B26009,10,2027-05-24,2026-08-17,simulated
f_za_063,d_magnesium_sulfate,B25005,24,2027-12-05,2026-08-17,simulated
f_za_063,d_magnesium_sulfate,B26008,46,2028-09-17,2026-08-17,simulated
f_za_063,d_iron_folic,B26008,670,2028-08-25,2026-08-17,simulated
f_za_063,d_measles_rubella,B26008,1,2026-09-30,2026-08-17,simulated
f_za_063,d_measles_rubella,E26007,74,2027-04-07,2026-08-17,simulated
f_za_063,d_insulin,B26005,17,2027-02-21,2026-08-17,simulated
f_za_063,d_insulin,B26006,120,2027-05-01,2026-08-17,simulated
f_za_063,d_metformin,B26006,1328,2027-11-25,2026-08-17,simulated
f_za_063,d_amlodipine,B26009,24650,2027-06-26,2026-08-17,simulated
f_za_063,d_amlodipine,B25006,22367,2028-06-14,2026-08-17,simulated
f_za_063,d_paracetamol,B26003,57433,2027-01-10,2026-08-17,simulated
f_za_063,d_paracetamol,B25001,443,2027-06-05,2026-08-17,simulated
f_za_063,d_paracetamol,B26004,10460,2028-09-06,2026-08-17,simulated
f_za_064,d_al_fdc,B26004,1427,2026-12-26,2026-08-17,simulated
f_za_064,d_al_fdc,E26003,854,2027-10-07,2026-08-17,simulated
f_za_064,d_asv,B26006,5,2027-06-11,2026-08-17,simulated
f_za_064,d_asv,B26007,22,2027-07-14,2026-08-17,simulated
f_za_064,d_ors,B25004,71,2026-11-06,2026-08-17,simulated
f_za_064,d_ors,B26005,2236,2027-03-25,2026-08-17,simulated
f_za_064,d_ors,B25003,1695,2027-09-15,2026-08-17,simulated
f_za_064,d_ors,B26006,392,2028-07-05,2026-08-17,simulated
f_za_064,d_ors,B26007,230,2028-11-04,2026-08-17,simulated
f_za_064,d_amoxicillin,B26007,14039,2028-01-21,2026-08-17,simulated
f_za_064,d_salbutamol,B26009,32,2028-03-08,2026-08-17,simulated
f_za_064,d_rhz_fdc,E26009,1149,2027-10-01,2026-08-17,simulated
f_za_064,d_oxytocin,B25003,16,2026-11-06,2026-08-17,simulated
f_za_064,d_oxytocin,B26005,110,2027-05-24,2026-08-17,simulated
f_za_064,d_oxytocin,B26006,134,2027-06-16,2026-08-17,simulated
f_za_064,d_measles_rubella,E26005,23,2027-06-26,2026-08-17,simulated
f_za_064,d_insulin,E26009,57,2027-12-27,2026-08-17,simulated
f_za_064,d_metformin,B26006,9502,2027-03-27,2026-08-17,simulated
f_za_064,d_amlodipine,B26005,15937,2027-07-19,2026-08-17,simulated
f_za_064,d_paracetamol,B26004,9492,2027-12-10,2026-08-17,simulated
f_za_065,d_al_fdc,E26009,965,2027-02-24,2026-08-17,simulated
f_za_065,d_al_fdc,B26010,895,2027-03-20,2026-08-17,simulated
f_za_065,d_asv,B26007,47,2027-11-30,2026-08-17,simulated
f_za_065,d_ors,B25003,703,2027-02-13,2026-08-17,simulated
f_za_065,d_ors,B25001,1379,2027-03-25,2026-08-17,simulated
f_za_065,d_ors,B26005,1219,2027-05-31,2026-08-17,simulated
f_za_065,d_ors,B25002,3932,2027-10-03,2026-08-17,simulated
f_za_065,d_ors,B26004,2350,2027-11-25,2026-08-17,simulated
f_za_065,d_amoxicillin,E26005,7792,2027-05-03,2026-08-17,simulated
f_za_065,d_ceftriaxone,B26007,483,2027-12-20,2026-08-17,simulated
f_za_065,d_ceftriaxone,B26008,509,2028-03-04,2026-08-17,simulated
f_za_065,d_rhz_fdc,B26006,1276,2027-01-15,2026-08-17,simulated
f_za_065,d_oxytocin,B26006,66,2026-12-14,2026-08-17,simulated
f_za_065,d_oxytocin,B25004,71,2026-12-22,2026-08-17,simulated
f_za_065,d_oxytocin,B25003,55,2027-01-26,2026-08-17,simulated
f_za_065,d_oxytocin,B25005,78,2027-03-27,2026-08-17,simulated
f_za_065,d_oxytocin,B26008,125,2027-05-12,2026-08-17,simulated
f_za_065,d_iron_folic,E26009,8258,2028-02-27,2026-08-17,simulated
f_za_065,d_measles_rubella,E26006,12,2027-01-01,2026-08-17,simulated
f_za_065,d_insulin,B26004,210,2027-01-17,2026-08-17,simulated
f_za_065,d_insulin,E26003,26,2027-08-27,2026-08-17,simulated
f_za_065,d_metformin,B26007,7520,2027-04-01,2026-08-17,simulated
f_za_065,d_amlodipine,B26004,10833,2027-08-22,2026-08-17,simulated
f_za_065,d_amlodipine,B25003,256,2027-12-16,2026-08-17,simulated
f_za_065,d_paracetamol,B26008,3727,2028-06-19,2026-08-17,simulated
f_za_066,d_al_fdc,B26005,2886,2026-08-31,2026-08-17,simulated
f_za_066,d_al_fdc,B25004,124,2027-03-09,2026-08-17,simulated
f_za_066,d_al_fdc,B26006,4245,2028-01-21,2026-08-17,simulated
f_za_066,d_ors,B26003,2407,2026-10-30,2026-08-17,simulated
f_za_066,d_ors,B26004,4282,2027-06-06,2026-08-17,simulated
f_za_066,d_ors,B-OPEN,8857,2027-10-07,2026-08-17,simulated
f_za_066,d_ors,B26005,1378,2027-12-23,2026-08-17,simulated
f_za_066,d_amoxicillin,E26010,2453,2027-03-12,2026-08-17,simulated
f_za_066,d_ceftriaxone,E26009,293,2027-07-10,2026-08-17,simulated
f_za_066,d_rhz_fdc,E26010,1254,2028-01-31,2026-08-17,simulated
f_za_066,d_oxytocin,B26004,123,2027-03-10,2026-08-17,simulated
f_za_066,d_oxytocin,B26005,126,2028-02-04,2026-08-17,simulated
f_za_066,d_magnesium_sulfate,B26006,90,2027-09-02,2026-08-17,simulated
f_za_066,d_magnesium_sulfate,B26003,29,2027-12-08,2026-08-17,simulated
f_za_066,d_magnesium_sulfate,B26005,40,2028-04-26,2026-08-17,simulated
f_za_066,d_iron_folic,B26004,22872,2028-07-21,2026-08-17,simulated
f_za_066,d_measles_rubella,B26008,34,2027-08-10,2026-08-17,simulated
f_za_066,d_insulin,B26004,104,2026-12-05,2026-08-17,simulated
f_za_066,d_insulin,B26003,134,2027-03-21,2026-08-17,simulated
f_za_066,d_metformin,B26004,16930,2028-07-28,2026-08-17,simulated
f_za_066,d_amlodipine,E26007,11005,2028-11-10,2026-08-17,simulated
f_za_066,d_paracetamol,B26005,16386,2027-05-19,2026-08-17,simulated
f_za_066,d_paracetamol,B26006,10991,2027-07-08,2026-08-17,simulated
f_za_067,d_al_fdc,E26006,1248,2027-07-21,2026-08-17,simulated
f_za_067,d_ors,E26007,134,2028-08-30,2026-08-17,simulated
f_za_067,d_ceftriaxone,B25002,420,2026-12-18,2026-08-17,simulated
f_za_067,d_ceftriaxone,B25004,432,2027-07-02,2026-08-17,simulated
f_za_067,d_ceftriaxone,B26007,486,2028-02-09,2026-08-17,simulated
f_za_067,d_salbutamol,B26005,227,2027-01-11,2026-08-17,simulated
f_za_067,d_salbutamol,B26004,195,2027-07-09,2026-08-17,simulated
f_za_067,d_rhz_fdc,B-OPEN,514,2026-11-18,2026-08-17,simulated
f_za_067,d_rhz_fdc,B26005,3068,2027-03-26,2026-08-17,simulated
f_za_067,d_rhz_fdc,B26006,3082,2028-01-13,2026-08-17,simulated
f_za_067,d_oxytocin,B26005,41,2027-01-24,2026-08-17,simulated
f_za_067,d_oxytocin,B25003,175,2027-03-01,2026-08-17,simulated
f_za_067,d_measles_rubella,E26006,15,2027-03-09,2026-08-17,simulated
f_za_067,d_measles_rubella,B26007,8,2027-06-14,2026-08-17,simulated
f_za_067,d_insulin,B26009,53,2027-04-27,2026-08-17,simulated
f_za_067,d_metformin,B26007,10061,2028-02-13,2026-08-17,simulated
f_za_067,d_metformin,B26006,1717,2028-02-15,2026-08-17,simulated
f_za_067,d_amlodipine,B25002,21441,2027-08-09,2026-08-17,simulated
f_za_067,d_amlodipine,B26005,34164,2027-08-18,2026-08-17,simulated
f_za_067,d_amlodipine,B26004,49601,2028-01-25,2026-08-17,simulated
f_za_067,d_amlodipine,B26006,30082,2028-11-30,2026-08-17,simulated
f_za_067,d_paracetamol,B26008,5703,2028-09-11,2026-08-17,simulated
f_za_068,d_al_fdc,B25003,964,2026-11-29,2026-08-17,simulated
f_za_068,d_al_fdc,B26008,1635,2026-11-30,2026-08-17,simulated
f_za_068,d_al_fdc,B25004,512,2026-12-15,2026-08-17,simulated
f_za_068,d_al_fdc,B26009,1120,2027-04-09,2026-08-17,simulated
f_za_068,d_al_fdc,B26006,1692,2027-07-25,2026-08-17,simulated
f_za_068,d_asv,B26009,9,2027-05-24,2026-08-17,simulated
f_za_068,d_ors,B26007,234,2027-06-21,2026-08-17,simulated
f_za_068,d_amoxicillin,E26008,3829,2027-10-27,2026-08-17,simulated
f_za_068,d_ceftriaxone,B26004,95,2026-11-01,2026-08-17,simulated
f_za_068,d_ceftriaxone,B25003,389,2026-12-15,2026-08-17,simulated
f_za_068,d_salbutamol,E26008,55,2028-03-06,2026-08-17,simulated
f_za_068,d_rhz_fdc,B26005,1148,2027-05-15,2026-08-17,simulated
f_za_068,d_oxytocin,B26006,12,2027-11-08,2026-08-17,simulated
f_za_068,d_magnesium_sulfate,E26006,1,2028-04-20,2026-08-17,simulated
f_za_068,d_magnesium_sulfate,B26007,39,2028-08-02,2026-08-17,simulated
f_za_068,d_magnesium_sulfate,B26008,15,2028-10-09,2026-08-17,simulated
f_za_068,d_iron_folic,B26004,15627,2028-03-18,2026-08-17,simulated
f_za_068,d_iron_folic,B26003,22587,2028-03-30,2026-08-17,simulated
f_za_068,d_measles_rubella,B26008,1,2027-06-11,2026-08-17,simulated
f_za_068,d_insulin,B26005,53,2027-01-22,2026-08-17,simulated
f_za_068,d_insulin,B26004,17,2027-01-26,2026-08-17,simulated
f_za_068,d_metformin,B26006,6982,2027-07-05,2026-08-17,simulated
f_za_068,d_metformin,B25004,1911,2027-12-02,2026-08-17,simulated
f_za_068,d_amlodipine,E26009,3472,2028-10-28,2026-08-17,simulated
f_za_068,d_paracetamol,B26009,3743,2027-12-11,2026-08-17,simulated
f_za_068,d_paracetamol,E26008,2832,2028-05-24,2026-08-17,simulated
f_za_069,d_al_fdc,B26004,8323,2027-06-30,2026-08-17,simulated
f_za_069,d_al_fdc,B26005,3156,2027-09-15,2026-08-17,simulated
f_za_069,d_asv,E26008,10,2027-12-17,2026-08-17,simulated
f_za_069,d_ors,B26005,2004,2027-05-18,2026-08-17,simulated
f_za_069,d_ors,B25001,1344,2027-06-04,2026-08-17,simulated
f_za_069,d_ors,B26006,1400,2028-08-29,2026-08-17,simulated
f_za_069,d_ceftriaxone,E26011,200,2028-02-11,2026-08-17,simulated
f_za_069,d_salbutamol,B26009,221,2027-03-01,2026-08-17,simulated
f_za_069,d_salbutamol,B26006,43,2027-04-13,2026-08-17,simulated
f_za_069,d_salbutamol,B25005,90,2027-05-04,2026-08-17,simulated
f_za_069,d_salbutamol,B26007,28,2027-07-08,2026-08-17,simulated
f_za_069,d_salbutamol,B26008,72,2027-08-22,2026-08-17,simulated
f_za_069,d_oxytocin,B26006,97,2027-07-28,2026-08-17,simulated
f_za_069,d_magnesium_sulfate,B26006,30,2027-08-02,2026-08-17,simulated
f_za_069,d_iron_folic,B26005,40398,2028-06-27,2026-08-17,simulated
f_za_069,d_measles_rubella,B26006,76,2026-12-10,2026-08-17,simulated
f_za_069,d_measles_rubella,E26005,59,2027-08-08,2026-08-17,simulated
f_za_069,d_insulin,B26009,12,2027-05-04,2026-08-17,simulated
f_za_069,d_metformin,B26009,9068,2028-11-15,2026-08-17,simulated
f_za_069,d_amlodipine,B25004,11572,2027-02-08,2026-08-17,simulated
f_za_069,d_amlodipine,B26006,26552,2027-12-03,2026-08-17,simulated
f_za_069,d_amlodipine,B26007,20799,2027-12-07,2026-08-17,simulated
f_za_069,d_amlodipine,B25005,18274,2028-01-02,2026-08-17,simulated
f_za_069,d_amlodipine,B26008,24036,2028-05-08,2026-08-17,simulated
f_za_069,d_paracetamol,B26005,29358,2028-03-27,2026-08-17,simulated
f_za_070,d_al_fdc,B26004,8708,2026-10-18,2026-08-17,simulated
f_za_070,d_al_fdc,E26003,715,2027-10-26,2026-08-17,simulated
f_za_070,d_asv,B26009,3,2027-10-14,2026-08-17,simulated
f_za_070,d_amoxicillin,B26006,11030,2027-01-05,2026-08-17,simulated
f_za_070,d_salbutamol,B26007,22,2027-09-16,2026-08-17,simulated
f_za_070,d_salbutamol,B26006,152,2027-10-15,2026-08-17,simulated
f_za_070,d_salbutamol,B26008,159,2027-12-23,2026-08-17,simulated
f_za_070,d_rhz_fdc,B25003,2262,2026-11-18,2026-08-17,simulated
f_za_070,d_rhz_fdc,B26006,3012,2026-11-30,2026-08-17,simulated
f_za_070,d_rhz_fdc,B25004,1726,2026-12-23,2026-08-17,simulated
f_za_070,d_rhz_fdc,B25002,3285,2027-01-10,2026-08-17,simulated
f_za_070,d_rhz_fdc,B26007,3050,2027-04-22,2026-08-17,simulated
f_za_070,d_rhz_fdc,B26008,1698,2027-07-18,2026-08-17,simulated
f_za_070,d_oxytocin,B26006,65,2027-03-26,2026-08-17,simulated
f_za_070,d_magnesium_sulfate,E26005,44,2028-02-28,2026-08-17,simulated
f_za_070,d_iron_folic,B26007,22467,2027-06-17,2026-08-17,simulated
f_za_070,d_iron_folic,B25001,15000,2027-09-13,2026-08-17,simulated
f_za_070,d_iron_folic,B-OPEN,3826,2027-09-14,2026-08-17,simulated
f_za_070,d_iron_folic,B26005,20175,2027-12-04,2026-08-17,simulated
f_za_070,d_iron_folic,B26006,16901,2028-09-19,2026-08-17,simulated
f_za_070,d_measles_rubella,B26005,1,2027-01-09,2026-08-17,simulated
f_za_070,d_insulin,B26006,177,2027-07-01,2026-08-17,simulated
f_za_070,d_metformin,E26009,7485,2027-12-17,2026-08-17,simulated
f_za_070,d_paracetamol,B26009,7327,2027-11-11,2026-08-17,simulated
f_za_070,d_paracetamol,B26008,4630,2028-07-15,2026-08-17,simulated
f_za_071,d_al_fdc,B26009,2758,2027-04-13,2026-08-17,simulated
f_za_071,d_al_fdc,B26008,1075,2027-09-13,2026-08-17,simulated
f_za_071,d_asv,E26008,2,2028-01-09,2026-08-17,simulated
f_za_071,d_asv,B26009,6,2028-01-24,2026-08-17,simulated
f_za_071,d_ors,B26007,751,2027-07-27,2026-08-17,simulated
f_za_071,d_ors,B26006,2925,2027-10-13,2026-08-17,simulated
f_za_071,d_ors,B26008,438,2028-01-11,2026-08-17,simulated
f_za_071,d_ors,B25004,212,2028-02-22,2026-08-17,simulated
f_za_071,d_amoxicillin,B26007,9799,2027-03-29,2026-08-17,simulated
f_za_071,d_amoxicillin,B25004,27810,2027-03-30,2026-08-17,simulated
f_za_071,d_amoxicillin,B26009,20740,2027-04-18,2026-08-17,simulated
f_za_071,d_amoxicillin,B26008,46476,2027-04-23,2026-08-17,simulated
f_za_071,d_ceftriaxone,B26006,785,2027-11-30,2026-08-17,simulated
f_za_071,d_salbutamol,B25003,285,2027-03-30,2026-08-17,simulated
f_za_071,d_salbutamol,B26005,272,2027-09-09,2026-08-17,simulated
f_za_071,d_rhz_fdc,B26007,1152,2027-11-06,2026-08-17,simulated
f_za_071,d_oxytocin,B26008,9,2028-02-08,2026-08-17,simulated
f_za_071,d_magnesium_sulfate,B26005,81,2028-09-25,2026-08-17,simulated
f_za_071,d_iron_folic,B26009,7342,2028-09-11,2026-08-17,simulated
f_za_071,d_measles_rubella,B26007,59,2027-02-16,2026-08-17,simulated
f_za_071,d_measles_rubella,E26005,2,2027-04-09,2026-08-17,simulated
f_za_071,d_insulin,B25002,170,2026-09-03,2026-08-17,simulated
f_za_071,d_insulin,B26003,688,2027-02-03,2026-08-17,simulated
f_za_071,d_insulin,B26004,224,2027-09-28,2026-08-17,simulated
f_za_071,d_metformin,B26004,10236,2027-09-08,2026-08-17,simulated
f_za_071,d_metformin,B25003,11981,2028-03-11,2026-08-17,simulated
f_za_071,d_amlodipine,E26005,28878,2028-11-13,2026-08-17,simulated
f_za_071,d_paracetamol,E26007,7129,2027-05-23,2026-08-17,simulated
f_za_071,d_paracetamol,B26008,7983,2028-02-18,2026-08-17,simulated
f_za_072,d_al_fdc,B26006,2244,2027-02-18,2026-08-17,simulated
f_za_072,d_asv,B26005,12,2026-12-15,2026-08-17,simulated
f_za_072,d_ors,B25003,76,2027-09-14,2026-08-17,simulated
f_za_072,d_ors,B-OPEN,4487,2027-10-08,2026-08-17,simulated
f_za_072,d_ors,B26006,1695,2028-02-13,2026-08-17,simulated
f_za_072,d_ors,B26008,261,2028-02-23,2026-08-17,simulated
f_za_072,d_ors,B26007,1357,2028-07-06,2026-08-17,simulated
f_za_072,d_amoxicillin,B26004,900,2027-08-09,2026-08-17,simulated
f_za_072,d_salbutamol,E26008,62,2027-11-07,2026-08-17,simulated
f_za_072,d_rhz_fdc,B26005,1024,2027-01-28,2026-08-17,simulated
f_za_072,d_rhz_fdc,B26004,182,2027-08-14,2026-08-17,simulated
f_za_072,d_oxytocin,B26005,20,2027-05-22,2026-08-17,simulated
f_za_072,d_oxytocin,B26004,31,2027-07-05,2026-08-17,simulated
f_za_072,d_magnesium_sulfate,B26005,8,2027-10-21,2026-08-17,simulated
f_za_072,d_magnesium_sulfate,B25003,57,2027-10-25,2026-08-17,simulated
f_za_072,d_iron_folic,B26007,12672,2028-02-19,2026-08-17,simulated
f_za_072,d_measles_rubella,B26009,74,2027-01-26,2026-08-17,simulated
f_za_072,d_measles_rubella,B26007,12,2027-05-03,2026-08-17,simulated
f_za_072,d_measles_rubella,B26008,64,2027-07-06,2026-08-17,simulated
f_za_072,d_insulin,E26007,92,2027-12-23,2026-08-17,simulated
f_za_072,d_metformin,B26007,10557,2027-04-13,2026-08-17,simulated
f_za_072,d_metformin,B26005,5820,2027-11-16,2026-08-17,simulated
f_za_072,d_paracetamol,B25001,2093,2027-01-11,2026-08-17,simulated
f_za_072,d_paracetamol,B26003,26448,2027-04-30,2026-08-17,simulated
f_za_072,d_paracetamol,B26004,10759,2027-07-12,2026-08-17,simulated
f_za_073,d_al_fdc,B26005,4295,2027-06-10,2026-08-17,simulated
f_za_073,d_al_fdc,B25004,288,2027-07-06,2026-08-17,simulated
f_za_073,d_al_fdc,B26006,2009,2027-09-28,2026-08-17,simulated
f_za_073,d_asv,B26008,8,2026-11-30,2026-08-17,simulated
f_za_073,d_asv,B25003,11,2027-01-02,2026-08-17,simulated
f_za_073,d_asv,B26007,13,2027-02-27,2026-08-17,simulated
f_za_073,d_asv,B25005,9,2027-05-23,2026-08-17,simulated
f_za_073,d_ors,B26005,718,2027-05-25,2026-08-17,simulated
f_za_073,d_ors,B26004,1637,2027-12-15,2026-08-17,simulated
f_za_073,d_ceftriaxone,B26007,61,2026-12-24,2026-08-17,simulated
f_za_073,d_ceftriaxone,B25005,85,2027-03-15,2026-08-17,simulated
f_za_073,d_rhz_fdc,B26005,464,2027-08-30,2026-08-17,simulated
f_za_073,d_oxytocin,B26004,96,2027-07-10,2026-08-17,simulated
f_za_073,d_magnesium_sulfate,E26008,21,2028-06-27,2026-08-17,simulated
f_za_073,d_iron_folic,B26008,6279,2027-09-20,2026-08-17,simulated
f_za_073,d_measles_rubella,B26005,1,2026-10-21,2026-08-17,simulated
f_za_073,d_measles_rubella,B26007,52,2027-05-02,2026-08-17,simulated
f_za_073,d_measles_rubella,B26006,26,2027-06-24,2026-08-17,simulated
f_za_073,d_insulin,B26006,37,2028-01-04,2026-08-17,simulated
f_za_073,d_metformin,B26003,27509,2027-10-13,2026-08-17,simulated
f_za_073,d_amlodipine,B26006,23037,2028-01-24,2026-08-17,simulated
f_za_073,d_paracetamol,E26007,2827,2028-02-27,2026-08-17,simulated
f_za_074,d_al_fdc,E26006,1849,2027-06-24,2026-08-17,simulated
f_za_074,d_al_fdc,B26007,2743,2027-10-14,2026-08-17,simulated
f_za_074,d_asv,E26007,1,2027-03-28,2026-08-17,simulated
f_za_074,d_ors,B26006,974,2027-10-02,2026-08-17,simulated
f_za_074,d_ors,B26008,538,2027-10-31,2026-08-17,simulated
f_za_074,d_ors,B26007,883,2028-03-15,2026-08-17,simulated
f_za_074,d_ors,B26005,743,2028-06-17,2026-08-17,simulated
f_za_074,d_amoxicillin,B26005,20921,2027-04-09,2026-08-17,simulated
f_za_074,d_ceftriaxone,B25005,35,2027-04-20,2026-08-17,simulated
f_za_074,d_ceftriaxone,B26007,152,2027-04-30,2026-08-17,simulated
f_za_074,d_ceftriaxone,B25006,283,2027-06-01,2026-08-17,simulated
f_za_074,d_salbutamol,B26004,11,2027-07-20,2026-08-17,simulated
f_za_074,d_rhz_fdc,B26012,1873,2027-05-12,2026-08-17,simulated
f_za_074,d_oxytocin,B26006,23,2027-11-24,2026-08-17,simulated
f_za_074,d_magnesium_sulfate,B26009,35,2027-10-08,2026-08-17,simulated
f_za_074,d_magnesium_sulfate,B26008,38,2028-04-05,2026-08-17,simulated
f_za_074,d_iron_folic,B25002,14428,2026-10-01,2026-08-17,simulated
f_za_074,d_iron_folic,B26003,28211,2028-01-26,2026-08-17,simulated
f_za_074,d_iron_folic,B26004,30140,2028-08-28,2026-08-17,simulated
f_za_074,d_iron_folic,B26005,47672,2028-10-03,2026-08-17,simulated
f_za_074,d_measles_rubella,E26006,32,2027-04-03,2026-08-17,simulated
f_za_074,d_measles_rubella,B26008,26,2027-08-09,2026-08-17,simulated
f_za_074,d_metformin,E26010,10836,2028-08-22,2026-08-17,simulated
f_za_074,d_amlodipine,E26010,22624,2028-05-13,2026-08-17,simulated
f_za_074,d_amlodipine,B26011,1702,2028-10-08,2026-08-17,simulated
f_za_074,d_paracetamol,E26008,2924,2028-04-04,2026-08-17,simulated
f_za_075,d_al_fdc,B26006,2846,2026-11-22,2026-08-17,simulated
f_za_075,d_asv,E26008,10,2027-04-12,2026-08-17,simulated
f_za_075,d_ors,B26005,4154,2028-04-26,2026-08-17,simulated
f_za_075,d_amoxicillin,B26009,2256,2027-12-31,2026-08-17,simulated
f_za_075,d_salbutamol,B26007,302,2027-02-14,2026-08-17,simulated
f_za_075,d_oxytocin,B26005,162,2027-01-21,2026-08-17,simulated
f_za_075,d_oxytocin,B26004,243,2027-03-01,2026-08-17,simulated
f_za_075,d_magnesium_sulfate,B26009,22,2027-09-22,2026-08-17,simulated
f_za_075,d_magnesium_sulfate,B26008,32,2028-06-08,2026-08-17,simulated
f_za_075,d_iron_folic,E26010,22671,2028-11-04,2026-08-17,simulated
f_za_075,d_measles_rubella,B26006,64,2027-02-14,2026-08-17,simulated
f_za_075,d_insulin,B26007,66,2027-03-24,2026-08-17,simulated
f_za_075,d_insulin,B26006,131,2027-07-06,2026-08-17,simulated
f_za_075,d_metformin,B26006,46947,2028-11-17,2026-08-17,simulated
f_za_075,d_amlodipine,B26005,11144,2027-03-29,2026-08-17,simulated
f_za_075,d_amlodipine,B26004,24808,2027-08-25,2026-08-17,simulated
f_za_075,d_paracetamol,B26006,21014,2027-04-04,2026-08-17,simulated
f_za_075,d_paracetamol,E26005,4500,2028-02-08,2026-08-17,simulated
f_za_076,d_al_fdc,B26006,3312,2026-09-15,2026-08-17,simulated
f_za_076,d_al_fdc,B26005,4475,2027-05-17,2026-08-17,simulated
f_za_076,d_al_fdc,B26007,4067,2027-07-31,2026-08-17,simulated
f_za_076,d_al_fdc,B26008,1527,2027-09-02,2026-08-17,simulated
f_za_076,d_asv,B26007,2,2027-10-04,2026-08-17,simulated
f_za_076,d_ors,B26004,3652,2028-02-24,2026-08-17,simulated
f_za_076,d_ceftriaxone,B26008,63,2026-12-18,2026-08-17,simulated
f_za_076,d_ceftriaxone,B25005,3,2027-05-10,2026-08-17,simulated
f_za_076,d_salbutamol,B26008,150,2027-04-17,2026-08-17,simulated
f_za_076,d_salbutamol,B26005,79,2027-07-09,2026-08-17,simulated
f_za_076,d_salbutamol,B26007,259,2027-08-26,2026-08-17,simulated
f_za_076,d_oxytocin,E26010,34,2027-10-28,2026-08-17,simulated
f_za_076,d_magnesium_sulfate,B26007,13,2027-04-19,2026-08-17,simulated
f_za_076,d_iron_folic,B26006,19171,2027-07-01,2026-08-17,simulated
f_za_076,d_measles_rubella,B26004,159,2027-08-15,2026-08-17,simulated
f_za_076,d_insulin,B25003,53,2027-01-25,2026-08-17,simulated
f_za_076,d_insulin,B25006,150,2027-03-12,2026-08-17,simulated
f_za_076,d_insulin,B26009,64,2027-07-18,2026-08-17,simulated
f_za_076,d_metformin,B26008,6835,2028-09-02,2026-08-17,simulated
f_za_076,d_amlodipine,B26007,4819,2027-03-08,2026-08-17,simulated
f_za_076,d_amlodipine,B26006,24265,2027-06-09,2026-08-17,simulated
f_za_076,d_amlodipine,B26008,19746,2028-04-28,2026-08-17,simulated
f_za_076,d_paracetamol,B25002,34590,2027-04-25,2026-08-17,simulated
f_za_076,d_paracetamol,B25003,12139,2027-09-20,2026-08-17,simulated
f_za_076,d_paracetamol,B26004,48736,2028-03-21,2026-08-17,simulated
f_za_076,d_paracetamol,B26005,18865,2028-10-11,2026-08-17,simulated
f_za_077,d_asv,E26007,2,2027-10-20,2026-08-17,simulated
f_za_077,d_ors,E26005,1036,2028-06-04,2026-08-17,simulated
f_za_077,d_ors,B26007,760,2028-07-13,2026-08-17,simulated
f_za_077,d_amoxicillin,B26006,8163,2027-05-18,2026-08-17,simulated
f_za_077,d_ceftriaxone,E26009,139,2027-03-23,2026-08-17,simulated
f_za_077,d_rhz_fdc,E26009,1324,2027-11-08,2026-08-17,simulated
f_za_077,d_oxytocin,B25003,134,2027-06-07,2026-08-17,simulated
f_za_077,d_oxytocin,B26004,193,2027-10-17,2026-08-17,simulated
f_za_077,d_iron_folic,B26008,2606,2027-07-20,2026-08-17,simulated
f_za_077,d_iron_folic,B26007,2208,2027-12-13,2026-08-17,simulated
f_za_077,d_iron_folic,B26006,1788,2028-03-20,2026-08-17,simulated
f_za_077,d_iron_folic,B25005,609,2028-05-24,2026-08-17,simulated
f_za_077,d_measles_rubella,B26005,70,2027-07-04,2026-08-17,simulated
f_za_077,d_insulin,B26003,137,2027-09-13,2026-08-17,simulated
f_za_077,d_insulin,B26004,201,2027-11-25,2026-08-17,simulated
f_za_077,d_metformin,B26004,15930,2027-02-14,2026-08-17,simulated
f_za_077,d_amlodipine,E26010,18404,2028-04-20,2026-08-17,simulated
f_za_077,d_paracetamol,B26008,5748,2027-07-15,2026-08-17,simulated
f_za_077,d_paracetamol,B26006,1254,2027-11-25,2026-08-17,simulated
f_za_077,d_paracetamol,B26007,10695,2028-07-09,2026-08-17,simulated
f_za_078,d_al_fdc,E26009,1319,2026-12-18,2026-08-17,simulated
f_za_078,d_asv,E26008,14,2027-04-19,2026-08-17,simulated
f_za_078,d_ors,B26004,259,2026-10-11,2026-08-17,simulated
f_za_078,d_ors,B25003,162,2026-11-02,2026-08-17,simulated
f_za_078,d_ors,B25002,600,2027-09-11,2026-08-17,simulated
f_za_078,d_ors,B26005,2725,2027-10-13,2026-08-17,simulated
f_za_078,d_ors,B26006,1511,2028-03-10,2026-08-17,simulated
f_za_078,d_amoxicillin,B26006,15241,2027-10-02,2026-08-17,simulated
f_za_078,d_ceftriaxone,B26007,234,2027-09-06,2026-08-17,simulated
f_za_078,d_ceftriaxone,B26008,621,2027-11-08,2026-08-17,simulated
f_za_078,d_salbutamol,E26011,5,2027-03-30,2026-08-17,simulated
f_za_078,d_rhz_fdc,B26006,2000,2027-10-17,2026-08-17,simulated
f_za_078,d_rhz_fdc,E26005,696,2027-12-14,2026-08-17,simulated
f_za_078,d_magnesium_sulfate,B26004,64,2028-01-19,2026-08-17,simulated
f_za_078,d_magnesium_sulfate,B26003,41,2028-06-28,2026-08-17,simulated
f_za_078,d_iron_folic,B26006,15428,2028-06-10,2026-08-17,simulated
f_za_078,d_measles_rubella,B26005,32,2026-10-12,2026-08-17,simulated
f_za_078,d_measles_rubella,B26006,56,2027-09-27,2026-08-17,simulated
f_za_078,d_insulin,B26005,130,2027-05-12,2026-08-17,simulated
f_za_078,d_amlodipine,B25003,18295,2026-11-12,2026-08-17,simulated
f_za_078,d_amlodipine,B25002,42835,2026-12-10,2026-08-17,simulated
f_za_078,d_amlodipine,B26005,78893,2027-10-08,2026-08-17,simulated
f_za_078,d_amlodipine,B26004,33074,2028-04-08,2026-08-17,simulated
f_za_078,d_paracetamol,B26003,25641,2027-09-09,2026-08-17,simulated
f_za_078,d_paracetamol,B26002,40030,2027-12-27,2026-08-17,simulated
